Schizophrenia,Depression,Drug use disorders,Alcohol use disorders,Eating disorders,Anxiety disorders,Bipolar disorder
0.16994360089302063,3.998768138885498,0.525235790014267,1.2472310066223145,0.15647660195827484,3.117806148529053,0.624440598487854
0.25825100392103195,4.043391048908234,0.9526999890804291,1.6097637712955475,0.5182840004563332,6.004652738571167,0.9133619964122772
0.1697405001946858,3.8175558703286305,0.5487651399203709,1.528585055044719,0.1115981430879661,3.496434450149536,0.608781065259661
0.27209850028157234,3.336010694503784,0.8691849857568741,1.8254852592945099,0.3028067462146282,3.238301932811737,0.5585800036787987
0.17207949981093407,3.736606001853943,0.8734930008649826,1.6785107851028442,0.1772335022687912,3.58765572309494,0.6210464984178543
0.20145537704229355,2.881016492843628,0.7157536223530769,1.9414470046758652,0.2559776250272989,3.1505984365940094,0.802211120724678
0.22396740019321443,2.9569739818573,0.6784788072109222,0.8576341003179551,0.18301260024309157,3.39360888004303,0.5577741980552673
0.18974700073401132,3.9925156434377036,1.6913551886876423,0.6473864912986755,0.18787483622630438,4.877838134765625,0.7921233375867208
0.1889250030120214,2.9656399885813394,0.5399816731611887,2.9125616550445557,0.16257799913485846,2.555823723475138,0.6643810073534647
0.16795086562633516,3.6080042362213134,0.4808362662792206,0.9570051352183024,0.11443840016921361,2.89512414932251,0.6351145386695862
0.16738233466943106,3.61007129351298,0.4775955359141032,0.9460843404134115,0.112663733959198,2.895366891225179,0.6345166643460591
0.24406690150499344,4.0046608448028564,0.950459110736847,2.7140772581100463,0.4493449941277504,4.6570721626281735,0.8877144098281861
0.1856903334458669,3.9526931047439575,1.382715145746867,0.63148632645607,0.16442016884684563,4.824391841888428,0.7838428318500519
0.19667858382066092,3.2988646825154624,0.8195160875717798,1.8617605765660603,0.29259667297204334,4.871431072552999,0.8638377537329992
0.18560950209697089,3.9548778533935547,1.3147308230400085,0.6332351664702097,0.16399633263548216,4.808510700861613,0.7816635072231293
0.2318604990839958,2.8924556732177735,0.6870508074760437,0.8571811109781265,0.20620719864964485,3.445034980773926,0.5641986012458802
0.2010885700583458,3.460866774831499,1.6093385581459319,0.8989465747560773,0.2359352856874466,4.429626226425171,0.8000382781028748
0.2303600013256073,2.9153199195861816,0.7210140228271484,1.0513349771499634,0.11334899812936783,3.2671689987182617,0.4588010013103485
0.16469500064849854,3.9882110118865968,0.5398378074169159,1.270414400100708,0.12996340095996856,3.1165693283081053,0.622866404056549
0.19724657280104502,3.26152389390128,0.7603321416037423,3.6466132402420044,0.19857571380478994,3.176119021006993,0.6835575784955706
0.16776153246561687,3.6086605230967206,0.479569665590922,0.9535283962885539,0.113782466451327,2.895093488693237,0.6349063356717427
0.16454299986362458,3.9726686000823976,0.5326272010803222,1.2755182147026063,0.1298989996314049,3.1118063926696777,0.6222240090370178
0.19475741560260454,3.24015865723292,0.7582312474648157,1.8275487422943115,0.2675460825363795,4.781631171703339,0.8580851554870605
0.17117060124874114,3.9730703353881838,0.523857593536377,1.252278995513916,0.16455319970846177,3.1175801753997803,0.6260285973548889
0.19907125209768614,3.2563225825627646,0.8380233397086462,1.8531210720539093,0.3189295840760072,4.859225789705913,0.8679411659638087
0.21628175303339958,3.1726577281951904,0.7041890174150467,1.1558382213115692,0.10700124874711037,3.2129252552986145,0.4284375011920929
0.18451933562755585,3.02100936571757,0.4961683352788289,2.4643263022104898,0.14105199774106345,2.549468676249186,0.6600783268610636
0.19646320194005967,2.934422016143799,0.7631457924842835,1.7421173930168152,0.26571479588747027,4.585489177703858,0.8937324941158294
0.2289670016616583,3.8515524566173553,0.9390978552401066,1.1856303587555885,0.13080774899572134,4.22321081161499,0.6185289919376373
0.22455483302474022,3.148999790350596,0.7599015807112058,1.618171088397503,0.35640508060654,4.249043424924214,0.8103474924961726
0.26189975067973137,3.220700263977051,0.8345772251486778,1.4975104629993439,0.24515824764966965,3.251982808113098,0.552021250128746
0.1982670703104564,3.5235676424843922,1.418553073491369,0.8684562955583844,0.21665799937077931,4.430331127984183,0.7972088583878109
0.2716295011341572,3.29363352060318,0.8385172486305237,1.8271802365779877,0.29080574959516525,3.2530517578125,0.5584272667765617
0.19679170101881027,2.9096035718917848,0.7759366929531097,1.7616084933280944,0.27460269927978515,4.585626888275146,0.8947524011135102
0.16826560099919638,3.609745677312215,0.4833730677763621,0.9595089236895243,0.11577813376983007,2.896335156758626,0.6354959964752197
0.17269975319504738,3.7635791897773743,0.8780425190925598,1.6778637766838074,0.18137000128626823,3.6133838295936584,0.6225679963827133
0.3251035064458847,4.393451929092407,2.2151359915733337,1.7711135149002075,0.4705189913511276,6.035377502441406,0.6861109733581543
0.1997711267322302,2.888764590024948,0.6988687515258789,1.959884136915207,0.24297424964606762,3.136449247598648,0.7992413863539696
0.22578658411900202,3.087957203388214,0.7436013321081797,1.6473787526289623,0.37037841354807216,4.275348166624705,0.8125966588656107
0.2572827413678169,4.03204619884491,1.0003564953804016,1.5932379961013794,0.5511584877967834,5.960354804992676,0.9111354947090149
0.2341612558811903,3.7855194807052612,1.001722738146782,1.2403094917535782,0.15609825029969215,4.2633356153965,0.6245445087552071
0.18655816713968912,3.996151328086853,1.478782852490743,0.6317949990431467,0.16829666743675867,4.807902495066325,0.7863444884618124
0.169267001748085,4.00472412109375,0.5283182084560394,1.2490867853164673,0.15094139873981477,3.1188414096832275,0.6241068124771119
0.19663759917020798,2.9196938037872315,0.7688514053821563,1.7525800108909606,0.2707676991820335,4.584986400604248,0.8943827986717224
0.1664813995361328,3.5518778483072917,0.46125046809514364,0.9372757991154989,0.1084594006339709,2.885546875,0.6325800697008769
0.2258851652344068,3.080975830554962,0.7419330875078837,1.6434066593647003,0.37033100550373393,4.274229864279429,0.81275641421477
0.2611677497625351,3.211132764816284,0.8309645131230354,1.4491025358438492,0.2355157472193241,3.2420544624328613,0.5505997538566589
0.16993542973484313,3.8227467026029314,0.5535008609294891,1.5247687825134821,0.1123965707208429,3.5046593121119907,0.6098635068961552
0.21522799879312515,3.1599977612495422,0.7021195143461227,1.1341917514801025,0.10524074919521809,3.2012717723846436,0.42785000801086426
0.17121314363820211,3.767333916255406,0.550840071269444,1.515541855778013,0.11471493010010038,3.5051973376955305,0.6120917839663369
0.19842133298516273,3.2604822913805642,0.8357050865888596,1.8543084859848022,0.3124638373653094,4.865724603335063,0.8669879188140234
0.18836083759864172,4.006940563519795,1.5380731622378032,0.6315629879633585,0.17575266708930334,4.829268296559651,0.7890755037466685
0.21519733468691507,3.1491262912750244,0.7527340054512024,1.1510056654612224,0.10386200000842412,3.257378021876017,0.43005800247192383
0.23416009843349456,2.8940640687942505,0.6936775028705597,0.8664397984743119,0.21524239853024482,3.4480786085128785,0.5651342034339905
0.24252979904413224,4.033887815475464,0.9589232981204987,2.6677155017852785,0.4431176096200943,4.649767112731934,0.8877021968364716
0.19689219892024995,2.9050705432891846,0.7796766996383667,1.7662139058113098,0.2765166014432907,4.585936975479126,0.8949485063552857
0.1953969163199266,3.3295321464538574,0.7826830794413885,1.8828332523504894,0.2799564190208912,4.854097922643025,0.8603774160146713
0.262168500572443,3.218603491783142,0.8348627462983131,1.5103729516267776,0.24793425016105175,3.259574055671692,0.5524230003356934
0.16987785590546473,3.8245770250047957,0.5508079954556057,1.5279082272733961,0.11196885630488396,3.501583388873509,0.6092477781432015
0.3278164863586426,4.3817338943481445,2.647344946861267,1.8202034831047058,0.4987789988517761,5.975749969482422,0.6846379935741425
0.19757016375660896,3.268909474213918,0.8298486669858297,1.8558035890261333,0.3026711655159791,4.8701720635096235,0.8655683298905691
0.2235559162994226,3.1807547211647034,0.756771000723044,1.5736141453186672,0.34434525296092033,4.219042658805847,0.8095057457685471
0.19862620085477828,2.883234167098999,0.7847698032855988,1.8032575964927673,0.2928404971957207,4.592677640914917,0.8972897052764892
0.19304742770535605,3.4749305929456438,0.7004005653517587,3.6145148277282715,0.1764964269740241,3.159164701189314,0.6784154347011021
0.17375885588782175,3.6875079359327043,0.5655886445726667,1.5406581376280104,0.12333471487675395,3.5272700105394637,0.6148933555398669
0.35191500186920166,4.473656892776489,2.244638442993164,1.495182454586029,0.7195720076560974,7.691518306732178,1.1701534986495972
0.16723466614882151,3.609412161509196,0.47658432920773824,0.9443048675855,0.11197193264961243,2.8952097574869793,0.6343657374382019
0.2656422518193722,3.215551733970642,0.8171647414565086,1.7210172265768051,0.27017950266599655,3.2372094988822937,0.5564397647976875
0.16957500179608662,3.6187692165374754,0.4963865300019582,0.9623486042022705,0.12107973347107569,2.905041201909383,0.6371827363967896
0.24024799913167955,4.146150231361389,0.9288952946662903,2.678202211856842,0.42427619844675063,4.643052458763123,0.8888991892337799
0.2609480060636997,3.204563796520233,0.8290662541985512,1.4290895015001297,0.23219549469649792,3.2387775778770447,0.5500742495059967
0.22274758542577425,3.1976698438326516,0.7430033435424169,1.5449502741297085,0.3335254204769929,4.203206201394399,0.8090799103180567
0.2012230008840561,3.474056192806789,1.6103369891643524,0.8952752734933581,0.23819542995521,4.437238812446594,0.80062478354999
0.22527099959552288,3.8322846591472626,0.836847260594368,1.1491222605109215,0.11852999962866306,4.176875561475754,0.6130182519555092
0.19290214138371603,3.481569801058088,0.7032729983329773,3.6332781485148837,0.17491985857486725,3.1599952833993092,0.6785370026315961
0.18996083488066992,3.9815163612365723,1.7319668531417847,0.6482183337211609,0.18912250300248465,4.886128028233846,0.7932658394177755
0.24469010382890702,3.9689807176589964,0.9539312064647675,2.688778448104858,0.4603001967072487,4.659003734588623,0.8885548055171967
0.18384633461634317,3.017460664113363,0.5102206567923228,2.584090312321981,0.1379109968741735,2.5489789644877114,0.6604856650034586
0.20022774673998356,2.8841483891010284,0.7023353725671768,1.9539128839969635,0.24667887762188911,3.1409356594085693,0.8001649975776672
0.22386383513609567,3.1738142569859824,0.7607492506504059,1.5857110023498535,0.34773816789189976,4.225786864757538,0.8095919191837311
0.23290719836950302,2.8895909786224365,0.6891748070716858,0.8623942971229553,0.21079319939017296,3.4474801778793336,0.564616596698761
0.32757000625133514,4.449152946472168,2.5896990299224854,1.7945325374603271,0.48200251162052155,5.982406854629517,0.6862730085849762
0.2345460057258606,2.9188499450683594,0.7420169711112976,1.0935900211334229,0.1216839998960495,3.2772018909454346,0.4616920053958893
0.2231249988079071,2.9638148069381716,0.6732129991054535,0.8566890925168991,0.18129489943385124,3.3852726936340334,0.5571307063102722
0.23132530301809312,2.8976473808288574,0.6887557983398438,0.8512095004320145,0.20362780392169952,3.442077398300171,0.5639687955379487
0.2663405016064644,3.2229815125465393,0.8177662268280983,1.7463682442903519,0.2729897517710924,3.2380117177963257,0.556805744767189
0.19742600247263908,2.9086570143699646,0.7016765028238297,2.006735384464264,0.2292338777333498,3.1018514931201935,0.7927420064806938
0.2240932509303093,3.1654301087061563,0.762859341998895,1.5944702650109928,0.3507885883251826,4.231352051099141,0.8097737431526184
0.1665636012951533,3.5440274715423583,0.4576039989789327,0.9356213331222534,0.10869026680787404,2.884637149175008,0.6324349323908488
0.3532730042934418,4.396880507469177,2.0215455293655396,1.6691269874572754,0.7968440055847168,7.577125072479248,1.177753984928131
0.20112274959683418,2.8809886276721954,0.7118488773703575,1.9444768726825714,0.2535952441394329,3.1481901109218597,0.8016988858580589
0.16952242702245712,3.8062052726745605,0.5453993656805584,1.5250134808676583,0.11172142890947205,3.4892496381487166,0.608328857592174
0.19472685882023402,3.3154574121747697,0.7565307021141052,3.659836002758571,0.18424757250717708,3.1720594338008334,0.681779282433646
0.3510424941778183,4.465570449829102,2.232096552848816,1.5754079818725586,0.6670694947242737,7.443191051483154,1.1656154990196228
0.2313496246933937,3.8074536621570587,1.0159837529063225,1.2202251255512238,0.14247712772339582,4.281878978013992,0.6216238662600517
0.22843612544238567,3.851941019296646,0.9124275110661983,1.1801407635211945,0.12932787463068962,4.21467399597168,0.6177551224827766
0.166702934106191,3.537483072280884,0.44709559877713523,0.9357669274012248,0.11044013251860936,2.8860460758209228,0.632291066646576
0.16991553405920665,3.621736447016398,0.49999366799990336,0.9625989397366842,0.12228006571531295,2.9078890641530353,0.6376550634702046
0.1757740005850792,3.7873305082321167,0.8248379826545715,1.669693499803543,0.19471850246191025,3.620405852794647,0.6259362548589706
0.16674680014451346,3.536295986175537,0.4425695359706879,0.9362943331400554,0.11123840014139812,2.887204058965047,0.6322659373283386
0.19878619760274888,2.88167200088501,0.7869270980358124,1.8070645928382874,0.29481920301914216,4.593368339538574,0.8976520121097564
0.19670599997043609,2.9145138263702393,0.7723570048809052,1.756869125366211,0.27259079813957215,4.585266590118408,0.8945557057857514
0.21467775106430054,3.173269271850586,0.7003902494907379,1.1294577419757843,0.10453449934720993,3.192395567893982,0.42717524617910385
0.18590850134690604,3.9602908293406167,1.4184978405634563,0.6312983334064484,0.16547867034872374,4.826839844385783,0.784779836734136
0.19591225124895573,2.838843911886215,0.6968012452125549,2.038619741797447,0.2171422503888607,3.0625367760658264,0.7886937484145164
0.22056959867477416,2.951518154144287,0.6637512922286988,0.8479257971048355,0.17291099950671196,3.3737996339797975,0.5546535968780517
0.17335185621465957,3.687590411731175,0.5641237092869622,1.5409609419958932,0.12179021430867058,3.5221597807747975,0.6145003608294896
0.19645450051341737,3.518235308783395,1.45304659647601,0.8798798620700836,0.2074169282402311,4.4098679678780695,0.7949981391429901
0.19495574943721294,2.812842220067978,0.6920578703284264,2.036563128232956,0.21473562344908714,3.0543481409549713,0.7870683744549751
0.21438099816441536,3.1502954363822937,0.6983615159988403,1.1289102435112,0.10280475206673145,3.1847566962242126,0.42681774497032166
0.16660566627979279,3.5412162144978843,0.4546500007311503,0.9353936036427816,0.10921233346064886,2.8847779273986816,0.6323788642883301
0.19790650010108948,2.889504313468933,0.7822502076625824,1.7896166801452638,0.2861181005835533,4.589562463760376,0.8962501049041748
0.24336549639701843,4.01765387058258,0.95454261302948,2.6931409001350404,0.44629230350255966,4.653413009643555,0.8876755952835083
0.24021060168743133,4.271816873550415,0.8440635979175568,2.59387629032135,0.3957042992115021,4.647190737724304,0.8881394028663635
0.18632850050926208,3.9851611852645874,1.4602278470993042,0.6316126585006714,0.16725333407521248,4.813706556955974,0.7858284910519918
0.35116249322891235,4.493352890014648,2.2691129446029663,1.5987845063209534,0.6719644963741302,7.486013412475586,1.16736501455307
0.189840666949749,3.9894680182139077,1.705285330613454,0.6477663318316141,0.18871883302927017,4.8809458414713545,0.7925024926662445
0.2397830978035927,4.1939750671386715,0.9076300024986267,2.7061392307281493,0.4161873996257782,4.641087007522583,0.8894797921180725
0.21424249559640884,3.1245274543762207,0.6968777626752853,1.1286440193653107,0.10131724923849106,3.1769922375679016,0.42651550471782684
0.32523851096630096,4.35921037197113,2.6941800117492676,1.8075729608535767,0.49970801174640656,5.914196968078613,0.6834524869918823
0.19465425113836923,3.230177919069926,0.7568586667378744,1.817441503206889,0.26623258118828136,4.778808832168579,0.857576330502828
0.22222650175293288,3.2231681744257608,0.7187909111380577,1.5600129887461662,0.32044216555853683,4.225618422031403,0.8084850857655207
0.16939135853733336,3.800204566546849,0.5431278560842786,1.5205708529267992,0.11195635742374829,3.4857550859451294,0.6081169971397945
0.1836883326371511,3.020731290181478,0.5071180065472921,2.5516132513682046,0.1373969962199529,2.5488759676615396,0.6602136691411337
0.17264100164175034,3.6914362055914745,0.5615501425095967,1.5407262870243617,0.11925157159566879,3.5141312224524364,0.6138135663100651
0.3269969969987869,4.442044496536255,2.534208059310913,1.788893461227417,0.479500487446785,5.9890899658203125,0.6862710118293762
0.22545983269810677,3.1109458605448403,0.7483004182577133,1.6515442331631978,0.3681267487506072,4.277874211470286,0.8120669076840082
0.19701250083744526,2.9009714126586914,0.7008819952607155,2.0303916335105896,0.22612099908292294,3.08723583817482,0.7914127483963966
0.17684900015592575,3.7785562872886658,0.8285824954509735,1.6780087351799011,0.20044175162911415,3.6139959692955017,0.6273549944162369
0.19519558176398277,3.310789406299591,0.769250159462293,1.8795543313026428,0.27679083744684857,4.829995175202687,0.8594600011905035
0.19783000009400503,3.5244484628949846,1.430672213435173,0.8703579391751971,0.21460921317338943,4.42558399268559,0.7967858484813145
0.24012150168418883,4.280253934860229,0.8523491024971008,2.6275151014328,0.39552530348300935,4.647255444526673,0.8882316887378693
0.19578935631683894,3.510329212461199,1.3941387044531959,0.8875609125409808,0.20188706953610694,4.4004210233688354,0.792833000421524
0.19211543032101222,3.4808549540383473,0.71478328534535,3.6638098784855435,0.1693658573286874,3.156935828072684,0.6786654336111886
0.2616587467491627,3.2198110222816467,0.8338175117969513,1.4842647910118103,0.24212075024843216,3.248903751373291,0.5515997484326363
0.256912499666214,4.082212507724762,0.9594779908657074,1.5868209898471832,0.5030214935541153,5.934113383293152,0.9104630202054977
0.1668069322903951,3.598014068603516,0.4728234648704529,0.9437782764434814,0.11060226708650589,2.8938013235727946,0.6338839332262675
0.1954855831960837,3.3340333501497903,0.7901363323132197,1.879570076862971,0.28073783094684285,4.862441500027974,0.8609244177738825
0.1962409998689379,3.5153038672038486,1.440568208694458,0.882291487285069,0.20559835646833693,4.406076771872384,0.7944034934043884
0.16638993422190348,3.5576383590698244,0.46253133614857994,0.9389221946398417,0.1083877995610237,2.886931784947713,0.6327036698659261
0.1746581420302391,3.692030429840088,0.5681312850543431,1.5389504475252969,0.12679849937558174,3.5393518720354353,0.6157407121998923
0.25763849914073944,4.0213059186935425,0.9732802361249924,1.618756741285324,0.5237867459654808,6.014899730682373,0.9139949977397919
0.19782808423042297,3.265854756037394,0.8319995701313019,1.8553266823291779,0.305862416823705,4.869516809781392,0.8660261730353037
0.35356199741363525,4.460714101791382,2.044527530670166,1.5519794821739197,0.7861084938049316,7.662802457809448,1.1768694519996643
0.22535416608055434,3.1184377471605935,0.7494421700636545,1.6513318444291751,0.36695124581456184,4.277826905250549,0.8118532498677572
0.1717924028635025,3.9646072387695312,0.5294707894325257,1.2523887872695922,0.16733320355415343,3.119803619384766,0.6267958045005798
0.26433824375271797,3.2013227939605713,0.8228282332420349,1.6302712559700012,0.2633459959179163,3.286040484905243,0.5551172494888306
0.19618449956178666,2.9440590381622314,0.7556319952011108,1.725773000717163,0.26051760017871856,4.5852344036102295,0.8925566077232361
0.1906059980392456,2.9613449573516846,0.5407693286736807,2.876136302947998,0.17121599862972894,2.558907667795817,0.6655120054880778
0.22219308093190193,3.260200341542562,0.7004362468918165,1.5615424265464146,0.31550074741244316,4.235853731632233,0.8069279988606771
0.1861038332184156,3.9718719720840454,1.4390246669451396,0.6314278244972229,0.1663473347822825,4.821157773335774,0.7853008310000101
0.22430208325386047,3.1566380063692727,0.7623530824979147,1.60414008051157,0.35349250212311745,4.238109648227692,0.810010090470314
0.3537205010652542,4.493191480636597,2.0756055116653442,1.506451964378357,0.7804799973964691,7.734504222869873,1.176218032836914
0.18888033429781595,4.0027865171432495,1.5876606504122417,0.6371143261591593,0.17987733334302902,4.846361716588338,0.7901253203550974
0.3280709981918335,4.398549556732178,2.648591995239258,1.8184234499931335,0.49581198394298553,5.981767892837524,0.6849930286407471
0.19512083505590758,3.295084595680237,0.7663881580034891,1.8691130876541138,0.27479658151666325,4.816589176654816,0.859290157755216
0.16896053353945414,3.614516019821167,0.4902345339457194,0.9614336649576823,0.11871659954388937,2.900532118479411,0.6363687316576639
0.17052559852600097,3.9855431079864503,0.523257601261139,1.2497651815414428,0.16113840341567992,3.117215156555176,0.6251392006874085
0.24443319737911223,3.995622658729553,0.9482585966587067,2.7230464100837706,0.4521058052778244,4.6592374563217165,0.8878196895122528
0.1958829281585557,3.5125845670700073,1.4081939203398568,0.8866142119680133,0.20270906974162375,4.402122037751334,0.7932737810271127
0.18991517027219137,3.9857880671819053,1.719094494978587,0.648088663816452,0.18916799873113632,4.88360317548116,0.7928901811440786
0.2326787542551756,3.794386625289917,1.0188375152647495,1.2324660047888756,0.14945987612009048,4.28794327378273,0.6231357529759407
0.19884039908647538,2.8815248250961303,0.7879922032356262,1.808588480949402,0.29572900384664536,4.593805646896362,0.8978323996067047
0.23342337273061275,3.7891268730163574,1.013281237334013,1.2370139956474304,0.1528163766488433,4.279912292957306,0.6238658800721169
0.35241249203681946,4.489905595779419,2.219337582588196,1.4824914932250977,0.7317474782466888,7.729224920272827,1.1714310050010681
0.1970652515689532,3.2819950580596924,0.8241673409938812,1.858026494582494,0.29660974939664203,4.8700942397117615,0.8645867506663004
0.17454024776816368,3.802909016609192,0.8236194849014282,1.6467812657356262,0.188571248203516,3.6336485147476196,0.6243962496519089
0.1972130984067917,2.897446393966675,0.782238906621933,1.7750147938728333,0.28060010224580767,4.586752223968506,0.8953934013843536
0.25696299970149994,4.019475281238556,0.9808447659015656,1.55502450466156,0.5658304989337921,5.942091464996338,0.9095744788646698
0.25688450038433075,4.024763762950897,0.9839285016059875,1.5696144700050354,0.5638784915208817,5.944913983345032,0.9098082482814789
0.23232237808406353,3.7975448071956635,1.0198089927434921,1.2299184948205948,0.14773412514477968,4.289324194192886,0.6227645054459572
0.2305661290884018,3.8289207220077515,0.9990958981215954,1.2048352658748627,0.13811487518250942,4.2574476301670074,0.6207185015082359
0.1656218022108078,4.003329563140869,0.5359024107456207,1.2666900038719178,0.13468780219554902,3.1187618255615233,0.6232527971267701
0.18944366772969565,3.9972060124079385,1.654644509156545,0.6450575093428293,0.184880497554938,4.868924220403035,0.7913179993629456
0.3507940024137497,4.416658163070679,2.1600135564804077,1.5337805151939392,0.6653774976730347,7.405427932739258,1.1624950170516968
0.17281049862504005,3.7654035091400146,0.874324768781662,1.67287877202034,0.18239600211381912,3.621271550655365,0.6229465156793594
0.17105928489140101,3.7810327325548445,0.5499152136700494,1.5125709474086761,0.11437157168984413,3.504734056336539,0.6118555026394981
0.21307733158270517,3.186014731725057,0.735780676205953,1.1155070066452026,0.10077099998792012,3.2340263525644937,0.4279160002867381
0.18779066701730093,3.009462594985962,0.4608113368352254,2.377599318822225,0.16336433092753092,2.5533053080240884,0.6591866612434387
0.1891776646176974,3.999712347984314,1.6222826838493347,0.6413818200429281,0.1824458365639051,4.858474890391032,0.7907430132230123
0.2614099942147732,3.2168272733688354,0.832553006708622,1.4677832275629044,0.2389647513628006,3.2455262541770935,0.5511185079813004
0.1868926684061686,2.9866943359375,0.5287130077679952,2.808199326197306,0.15176633497079214,2.5542173385620117,0.6632260084152222
0.1855946679910024,3.9508806467056274,1.348670482635498,0.6321884989738464,0.16394883394241333,4.8169833819071455,0.7827710012594858
0.22568350036938986,3.095907131830851,0.7453611642122269,1.6499859889348347,0.36979716767867404,4.27644956111908,0.8124224990606308
0.16869493226210278,3.6124674638112384,0.4874834716320038,0.9608407934506734,0.11765093406041463,2.8988244851430256,0.6360308011372884
0.19782842908586776,3.2565905366625105,0.7546564170292446,3.5848901782717024,0.20239071547985077,3.175525290625436,0.6841132811137608
0.19658119976520538,2.9248153448104857,0.7668003976345062,1.7492663979530334,0.26913479864597323,4.58470401763916,0.8942236006259918
0.23987400084733962,4.278041577339172,0.8852918982505799,2.7182001948356627,0.4009642988443375,4.648264288902283,0.8889580011367798
0.22260799879829088,3.2038302421569824,0.7381820927063624,1.5451392432053883,0.33025533457597095,4.20505028963089,0.8088778356711069
0.22233516722917557,3.2169644633928933,0.7248373379309972,1.5548959995309513,0.32336058653891087,4.21831335624059,0.8086296667655309
0.19639989882707595,2.9387733221054075,0.760436600446701,1.7378274917602539,0.26378779858350754,4.586311626434326,0.8934176921844482
0.1975389003753662,2.8931827545166016,0.7822422981262207,1.7820460200309753,0.28331550359725954,4.587990093231201,0.8957912027835846
0.19204056901591166,3.4075569765908376,0.7396594285964966,3.6176796640668596,0.17078485659190587,3.158638988222395,0.6797112907682147
0.23990820199251175,4.287101817131043,0.8801094949245453,2.711930501461029,0.3987012967467308,4.648596787452698,0.8888131976127625
0.19998199865221977,2.885901540517807,0.7001012563705444,1.9569490104913712,0.24472674913704395,3.1386400759220123,0.7996886223554611
0.2305860072374344,2.916836977005005,0.7234969735145569,1.0549160242080688,0.114656001329422,3.27150297164917,0.45931100845336914
0.3273959904909134,4.3835530281066895,2.0849050283432007,1.8514005541801453,0.4556639939546585,6.057687282562256,0.6848905086517334
0.18833133578300476,2.970204989115397,0.5376069943110148,2.8962949911753335,0.15915766855080923,2.5552876790364585,0.6640256643295288
0.23994540125131608,4.173239088058471,0.9162641882896423,2.697116696834564,0.41978620290756224,4.641593265533447,0.8893533051013947
0.1880951647957166,4.007179498672485,1.5278311967849731,0.6311966677506765,0.17429682984948158,4.825272083282471,0.7886416812737783
0.2572217509150505,4.008648753166199,0.9902925044298172,1.623091459274292,0.5286247655749321,6.019444823265076,0.9145540148019791
0.258346751332283,4.050011932849884,0.9488719999790192,1.6069427728652954,0.5157692432403564,6.000760436058044,0.9130499958992004
0.17362875491380692,3.7840347290039062,0.850145235657692,1.6582935154438019,0.1855977475643158,3.6305577158927917,0.6238069981336594
0.20070521427052362,3.454118694577898,1.5912478587457113,0.9001679931368146,0.2315108563218798,4.418349538530622,0.7990230023860931
0.16437459886074066,3.97568941116333,0.5390275895595551,1.273748230934143,0.12857119888067245,3.1138487815856934,0.6224563956260681
0.21591975167393684,3.169015407562256,0.7032669931650162,1.1487925052642822,0.1064397506415844,3.2091607451438904,0.4282330051064491
0.2183307521045208,3.1540805101394653,0.7245257496833801,1.1671610176563263,0.11321600340306759,3.22720205783844,0.42971450090408325
0.1867546687523524,4.002859512964885,1.4923832217852275,0.6318415105342865,0.1691876674691836,4.806873321533203,0.7867823342482249
0.2251069974154234,3.820626735687256,0.8341088555753231,1.143276371061802,0.1180208744481206,4.177386552095413,0.6126526296138763
0.23552100360393524,2.9170310497283936,0.7576119899749756,1.1336530447006226,0.12396399676799774,3.292675018310547,0.46238699555397034
0.17816824838519096,3.799843966960907,0.8140682578086853,1.6466167271137238,0.20684125646948814,3.62030428647995,0.6287792474031448
0.19141257234982081,3.464656489236014,0.7246647136551994,3.6699343068259105,0.16638714394399098,3.1517978736332486,0.678663432598114
0.18761500219504038,3.009618361790975,0.4632473289966583,2.3609463373819985,0.1612133334080378,2.552296002705892,0.6594256560007731
0.1716237153325762,3.7275270223617554,0.555076139313834,1.5298826353890556,0.11560828611254692,3.5067358698163713,0.6127217880317143
0.22557141383488974,3.1034845113754272,0.7468563293417295,1.6512620622913043,0.36922341336806613,4.277356008688609,0.81224358578523
0.19807357021740504,3.2562100206102644,0.7503569977624076,3.5433964048113142,0.2038665690592357,3.1749891894204274,0.6843825663839068
0.19319457241467067,3.357438564300537,0.7500268646648952,3.5988396065575734,0.17751371541193553,3.166104963847569,0.6808234197752816
0.2579305022954941,4.009990215301514,1.0089042633771896,1.5793407261371613,0.5445847362279892,5.973366737365723,0.9121289998292923
0.23018337786197662,3.839724838733673,0.988166481256485,1.197829745709896,0.13595287688076496,4.245223492383957,0.6202583760023117
0.24099930077791215,4.088654112815857,0.9542394042015075,2.6397326827049254,0.4333429023623466,4.646105217933655,0.8878780007362366
0.1723445685846465,3.6949002742767334,0.5601746397359031,1.5403133588177818,0.11804592928716115,3.511313268116542,0.6135315682206836
0.20009899884462357,3.4690897294453213,1.5412037244864873,0.8944869339466095,0.22736814405236924,4.424742903028216,0.7983797873769488
0.2570969983935356,4.012883543968201,0.9780327677726746,1.538666009902954,0.5666797608137131,5.936978697776794,0.9092112481594086
0.26892924681305885,3.2514224648475647,0.8236554712057114,1.7988822162151337,0.2793795019388199,3.2499279975891113,0.5577070042490959
0.19604085705110005,3.514012438910348,1.4248402821166175,0.8846880750996726,0.20392378738948277,4.403664691107614,0.7938067104135241
0.22545425035059452,3.8438644111156464,0.8400718681514263,1.154483638703823,0.11905450001358986,4.177006363868713,0.6133973747491837
0.22524691373109818,3.125111917654673,0.7506023347377777,1.6503848259647687,0.3657386700312297,4.277698655923207,0.8116662551959356
0.19823109954595566,2.886524796485901,0.7825311958789826,1.7960935950279235,0.28835349828004836,4.590892171859741,0.8966608047485352
0.192720998610769,3.3743318149021695,0.7470348477363586,3.589481864656721,0.1749618574976921,3.164059673036848,0.6804538539477757
0.23078669756650924,2.9038084030151365,0.6913493931293487,0.8446324050426484,0.20094090178608895,3.4386772871017457,0.5637217044830323
0.1648175984621048,3.968527603149414,0.5224473953247071,1.2766953945159911,0.1317121997475624,3.109672784805298,0.6219923973083497
0.22216100121537843,3.226983984311422,0.7145334978898367,1.5621433407068253,0.3183425801495711,4.229317148526509,0.808262919386228
0.23997450321912767,4.288487601280212,0.8677176058292388,2.68022620677948,0.39639649987220765,4.647536516189575,0.8884835958480835
0.17003457141774042,3.8154243571417674,0.5552331400769097,1.5201578523431505,0.1128651425242424,3.5069642066955566,0.6104106434753963
0.16705559889475505,3.605576260884603,0.4752708653608958,0.9439148664474487,0.1113035336136818,2.894625250498454,0.6341669241587321
0.19239385851791926,3.3895370619637624,0.7439173034259251,3.5992623397282193,0.1729367141212736,3.161844866616385,0.6801057202475411
0.22772640138864517,2.9279491186141966,0.692826896905899,0.849526995420456,0.19118069857358932,3.424575185775757,0.5611816048622131
0.21485233306884766,3.1545936266581216,0.7458269993464152,1.1364390055338542,0.10279799749453862,3.250269333521525,0.42959700028101605
0.2573472410440445,4.0123937129974365,0.9838397651910782,1.6221949756145477,0.5262705013155937,6.018500328063965,0.9142864942550659
0.20053450018167496,3.4566417081015453,1.5787531456777029,0.8992938612188611,0.2302090014730181,4.419927903584072,0.7988030016422272
0.19890778618199484,3.5115026916776384,1.4317317988191332,0.872352774654116,0.22087592844452178,4.432568192481995,0.7978747189044952
0.22946824878454208,3.8501014709472656,0.9635013602674007,1.1906712353229523,0.1325533725321293,4.231280475854874,0.6192653626203537
0.22605162672698498,3.86123588681221,0.8517359904944897,1.1655846387147903,0.12113549839705229,4.179858446121216,0.6144730001688004
0.1692458572132247,3.7926987750189647,0.5404190740415028,1.5157203333718436,0.11218071356415749,3.4815736498151506,0.6079066480909076
0.2348683997988701,2.898105525970459,0.6964221060276031,0.8686587095260621,0.2175323024392128,3.447993206977844,0.5654470086097717
0.20179862529039383,2.882447987794876,0.7208517417311668,1.938633531332016,0.25835937075316906,3.1529375314712524,0.802718497812748
0.1732175014913082,3.7743388414382935,0.8631397485733032,1.6645175218582153,0.18432625010609627,3.6284379959106445,0.6235224902629852
0.2446761965751648,3.9594244718551637,0.960982084274292,2.6441672682762145,0.46362590342760085,4.657665395736695,0.8891109883785248
0.19694485728229796,3.522973281996591,1.4576357156038284,0.8760757190840585,0.2107904271355697,4.4176595721926,0.7959310753004891
0.1988743007183075,2.8824033737182617,0.7909955084323883,1.8101864099502563,0.2971247971057892,4.594731330871582,0.8981620967388153
0.18963083376487097,3.9945854345957437,1.6772023439407349,0.6469259957472483,0.18661800026893616,4.874784549077352,0.7917625109354655
0.19593728759459086,3.5048690012523105,1.3412566419158662,0.8844474937234607,0.20420893068824494,4.39607082094465,0.7912123543875558
0.19633400142192842,2.941070795059204,0.7582378029823303,1.7335455894470215,0.26207369565963745,4.586780738830567,0.8931035041809082
0.22646829932928086,2.9366231203079223,0.6921523988246918,0.8576996028423309,0.18815290033817292,3.4178603887557983,0.5598312020301819
0.2249218001961708,2.9491973876953126,0.6843583941459656,0.858322697877884,0.1847869001328945,3.4033388614654543,0.5585078060626983
0.19571325182914734,3.3393694361050925,0.802901084224383,1.8736421763896942,0.2834260029097398,4.873384435971578,0.8619104971488317
0.3252274990081787,4.3802080154418945,2.1009780168533325,1.7930964827537537,0.46285898983478546,6.035768508911133,0.6857095062732697
0.22215049962202707,3.248707373936971,0.7042622566223145,1.5619392469525337,0.31563425064086914,4.234513918558757,0.8073005030552546
0.16633760035037995,3.5804295539855957,0.4679678678512573,0.9436550696690877,0.1091528668999672,2.892004060745239,0.633319063981374
0.19594510048627853,2.946892189979553,0.7515235006809234,1.7169001936912536,0.2596953988075256,4.581164073944092,0.8918774962425232
0.1713607966899872,3.970116376876831,0.5255194008350372,1.2524799942970275,0.1655096024274826,3.1179441452026366,0.6262592077255249
0.24463839828968048,3.9568230867385865,0.965122002363205,2.614770305156708,0.4650637939572334,4.6570395708084105,0.8894411027431488
0.25797950476408005,4.033226668834686,0.9619224965572357,1.614179015159607,0.5210857540369034,6.009879946708679,0.9136902540922165
0.19874416664242744,3.258257965246836,0.8368711670239767,1.8537541031837463,0.31569866836071014,4.862791180610657,0.8674754103024801
0.3511915057897568,4.494887828826904,2.272486448287964,1.593198001384735,0.6766069829463959,7.517824172973633,1.167766034603119
0.23304899595677853,3.7914457619190216,1.0166632682085037,1.2348702400922775,0.151227249763906,4.2848630249500275,0.6235043704509735
0.17016749935490744,3.810303279331752,0.5545829321656909,1.5182080737182073,0.11305878683924675,3.5069033077784946,0.610639499766486
0.17486049979925156,3.807194948196411,0.8162242472171783,1.644534021615982,0.18986325338482857,3.6344070434570312,0.6246752589941025
0.16767919957637786,4.006130266189575,0.5315733969211578,1.2570281982421876,0.1436462000012398,3.119198751449585,0.6237305998802185
0.17260725051164627,3.7633387446403503,0.8810004889965057,1.6826517581939697,0.1804950013756752,3.60454523563385,0.6221784949302673
0.2232279193898042,3.1870203415552774,0.7520955031116804,1.5610939959685008,0.3404259979724884,4.211951573689778,0.8094084163506826
0.1714039987751416,3.7481705801827565,0.5526950040033886,1.5220875144004822,0.11516357266477176,3.5058199848447527,0.6123892835208348
0.21566199883818626,3.1695682406425476,0.7036477625370026,1.1321475207805634,0.10600774921476841,3.1945801973342896,0.4273407459259033
0.2569795027375221,4.040306568145752,0.995485469698906,1.599046766757965,0.5534377545118332,5.9545135498046875,0.9106392562389374
0.19616137258708477,2.847627967596054,0.6976422518491745,2.0388360172510147,0.21801924891769886,3.065139949321747,0.7892104983329773
0.18562999864419302,3.951514482498169,1.3661869764328003,0.6317773262659708,0.16423066581288973,4.82083797454834,0.7833231786886851
0.2309664972126484,3.817329466342926,1.0085555985569954,1.2129358723759651,0.14037925004959106,4.270749866962433,0.62118149548769
0.2256503738462925,3.8526987433433533,0.8435658738017082,1.1591715142130852,0.11962312646210194,4.177469849586487,0.6137709990143776
0.19455083335439363,3.2192363937695823,0.7556999176740646,1.8057645161946614,0.26488349835077923,4.775821089744568,0.8570144275824229
0.19675175100564957,2.8859184980392456,0.7003800049424171,2.0376233756542206,0.22318900004029274,3.0778186321258545,0.7906534969806671
0.27218350023031235,3.319016456604004,0.8551397323608398,1.8280554711818695,0.29839424788951874,3.2452385425567627,0.5585260093212128
0.1699733574475561,3.8198704038347517,0.554845507655825,1.522329283612115,0.11265178663390023,3.5060383081436157,0.6101720673697335
0.17185807015214646,3.7099179370062694,0.5574374326637813,1.5365570826189858,0.11630799993872643,3.5079329865319386,0.6130414307117462
0.22847860008478166,2.922926688194275,0.6929567933082581,0.8437667906284332,0.19294969812035562,3.428093147277832,0.5619872987270356
0.1706355011888913,3.7973197187696184,0.5515479977641787,1.5141634770802088,0.11360821393983704,3.505309053829738,0.6112788532461438
0.19532350078225136,3.3246233463287354,0.7762799213329951,1.884929398695628,0.2789958293239276,4.845788856347402,0.8599208345015844
0.17657899856567383,3.776988923549652,0.8302202373743057,1.6814239919185638,0.19906724989414215,3.6132742166519165,0.627035990357399
0.1899848332007726,3.9728046655654907,1.7518771688143413,0.647764672835668,0.18830433239539465,4.89129098256429,0.7940348386764526
0.1644454002380371,3.9748862266540526,0.5362962007522583,1.2746690034866333,0.1292040005326271,3.1128771781921385,0.6223416090011596
0.1956201232969761,2.830083340406418,0.6953512579202652,2.0381298512220383,0.21630100160837173,3.059838980436325,0.7881626263260841
0.17209271447999136,3.699722341128758,0.5589756433452878,1.539738919053759,0.11711414264781135,3.509375980922154,0.6132998509066445
0.2279600016772747,3.853492110967636,0.8892022483050823,1.1755696386098862,0.12782349810004234,4.207024902105331,0.617067001760006
0.19852770119905472,2.8842936038970945,0.7839067101478576,1.801229512691498,0.2915891021490097,4.5924880027771,0.8971166968345642
0.17038292969976152,3.804287144115993,0.5531876385211945,1.5160772204399109,0.11332414192812783,3.506196141242981,0.6109435728618077
0.2337962482124567,3.7867120802402496,1.0083882436156273,1.2388498708605766,0.1544077480211854,4.272852957248688,0.6242145076394081
0.3534179925918579,4.43154501914978,2.02206951379776,1.5987529754638672,0.790972501039505,7.6031174659729,1.1774629950523376
0.19811416665712991,3.2633299628893533,0.8339219987392426,1.8548284272352855,0.30910849943757057,4.868004898230235,0.8665017485618591
0.1965995728969574,3.2717481681278775,0.7625165752002171,3.6828413690839494,0.19455842886652266,3.1762334278651645,0.6830277102334159
0.21341067055861154,3.1761020024617515,0.7379909952481588,1.1170587142308552,0.10086800158023834,3.2365570068359375,0.4281650086243947
0.3523769974708557,4.313750624656677,2.1410040855407715,1.8232290148735046,0.8077029883861542,7.5648722648620605,1.1749809980392456
0.22581529915332793,2.9418676137924193,0.6893254101276398,0.8584557980298996,0.18647309988737107,3.4122129678726196,0.5592363953590394
0.18998566518227258,3.9775201082229614,1.7427843411763508,0.6481315096219381,0.1890800024072329,4.888769706090291,0.7936571637789408
0.19594999934945787,3.285315445491246,0.7607645647866386,3.6974533455712453,0.19023428857326508,3.1758718490600586,0.6825438567570278
0.16846179962158203,3.6110179742177326,0.48544186949729917,0.9601894021034241,0.11665000021457672,2.897435776392619,0.6357394735018412
0.19529662653803825,2.821321874856949,0.6939251273870468,2.037412852048874,0.21546262502670288,3.057098865509033,0.7876181229948997
0.260754507035017,3.196469247341156,0.8267755061388016,1.4085939973592758,0.22836950235068798,3.2358927726745605,0.549558736383915
0.21506349742412567,3.1739049553871155,0.7016080021858215,1.130414992570877,0.10517724975943565,3.1938100457191467,0.4272565022110939
0.1991652511060238,2.9003567695617676,0.7002250030636787,1.9622508734464645,0.23963012918829918,3.1321604549884796,0.7977753654122353
0.24130820035934447,4.0679178714752195,0.9610798060894012,2.634515404701233,0.4368517994880676,4.646435260772705,0.8877238869667053
0.18699966619412103,4.0052177508672075,1.502510666847229,0.6316906809806824,0.17017966757218042,4.810341199239095,0.7872085074583689
0.2628519982099533,3.205097258090973,0.8315707668662071,1.5428062230348587,0.25391849875450134,3.289832293987274,0.5533077418804169
0.19577699899673462,3.506363425936018,1.3685818655150277,0.8872841468879155,0.20221992741738046,4.396208558763776,0.791998565196991
0.22760500386357307,3.8570659458637238,0.8757159933447838,1.1731808856129646,0.12645587418228388,4.201477974653244,0.6165487468242645
0.19795150123536587,2.9150089025497437,0.7034737542271614,1.9770939946174622,0.232872374355793,3.118521124124527,0.7943818792700768
0.22516683240731558,3.129911800225576,0.7517690882086754,1.650087575117747,0.3638223310311635,4.275509834289551,0.811331088344256
0.2579527422785759,4.009923756122589,1.0076879858970642,1.5817444920539856,0.5398679971694946,5.982028365135193,0.9124799966812134
0.22985412366688251,3.8469752371311188,0.9785442352294922,1.1938738897442818,0.1341879991814494,4.237370163202286,0.61982611566782
0.21524349972605705,3.1617695689201355,0.7027822583913803,1.1308614909648895,0.10516800172626972,3.1967824697494507,0.42754075676202774
0.19503774990638098,3.2768954833348594,0.7633299181858698,1.8563169240951538,0.27270033210515976,4.802214940388997,0.859093651175499
0.19940041626493135,3.2551984389623008,0.8385943472385406,1.8524126211802165,0.32229316607117653,4.855290869871776,0.8683949112892151
0.19879124872386456,2.9076182544231415,0.7021138817071915,1.962682619690895,0.23775599896907806,3.1298846304416656,0.7968275025486946
0.22729925252497196,3.860939383506775,0.8695587627589703,1.1721184849739075,0.1252867504954338,4.197003901004791,0.616122879087925
0.22702989727258682,2.933033013343811,0.6925741076469422,0.8547274053096772,0.18971910178661347,3.4211117029190063,0.56042760014534
0.20117392923150743,3.4665089675358365,1.6116124327693666,0.8975522177559989,0.2369541408760207,4.432761192321777,0.8003278630120414
0.22585299983620644,3.858610361814499,0.8476731181144714,1.1629876270890236,0.12035112548619509,4.178350389003754,0.6141366213560104
0.198445750400424,2.914018988609314,0.7035195007920265,1.9642423689365387,0.23616749979555607,3.1272311210632324,0.7959064990282059
0.2406216025352478,4.11630380153656,0.9428060948848724,2.6567353129386904,0.4289077028632164,4.644708156585693,0.8883331954479218
0.27219250053167343,3.327669680118561,0.8619195073843002,1.8271712064743042,0.3006902486085892,3.242000997066498,0.5585537403821945
0.170877428991454,3.789583478655134,0.5503767835242408,1.512855006115777,0.11394499880926949,3.50468179157802,0.611599645444325
0.22217090129852296,2.9683401584625244,0.6689830958843231,0.8548258960247039,0.17831140235066414,3.378166389465332,0.5562749981880188
0.2356201022863388,2.904103994369507,0.6996810972690582,0.8709818005561829,0.2197106011211872,3.4476417303085327,0.5657898008823394
0.19859707249062403,3.5207525491714478,1.4160915889910288,0.8686107780252185,0.2186535011444773,4.432997260774885,0.7975709991795676
0.21429849788546562,3.1382678151130676,0.6978232562541962,1.1287454962730408,0.10210275091230869,3.1810880303382874,0.42666950076818466
0.24461640417575836,3.9812009811401365,0.9491984963417053,2.7150099158287047,0.4564663037657738,4.659771966934204,0.8881269872188569
0.23350419998168945,2.891168713569641,0.6912055075168609,0.8643422961235047,0.2129419006407261,3.447895121574402,0.5648579001426697
0.19526158149043718,3.3198097348213196,0.7720401684443156,1.8847708404064178,0.2781907481451829,4.8390247623125715,0.8596377472082773
0.19580140113830566,2.9488353967666625,0.7489987015724182,1.7120736837387085,0.25977709889411926,4.578769731521606,0.8915170013904572
0.22256530076265335,2.967989778518677,0.6701219022274018,0.8557857125997543,0.17974659875035287,3.380480241775513,0.556660509109497
0.16622733374436696,3.574497127532959,0.46609813570976255,0.9432993372281392,0.1087161327401797,2.891228723526001,0.6331391930580139
0.19930950020040786,3.497157863208226,1.464898869395256,0.8795025561537061,0.22300385577338083,4.429154855864389,0.7980257102421352
0.16629439890384673,3.5638395309448243,0.46369080344835917,0.9407301386197408,0.10843686511119206,2.8886006355285643,0.6328510721524556
0.16969240009784697,4.003146600723267,0.5267866015434265,1.2471637964248656,0.15396699905395508,3.1184904098510744,0.6242545962333679
0.25821974873542786,4.055185675621033,0.9488650113344193,1.6042052507400513,0.5132572576403618,5.993412017822266,0.9126185029745102
0.23976799845695496,4.2360779523849486,0.8961688935756683,2.7143644094467163,0.4084166005253792,4.644107151031494,0.8892342031002045
0.22246808434526125,3.210870683193207,0.7317285041014353,1.5491239205002785,0.3267071669300397,4.2109781702359514,0.8087535003821055
0.1971913743764162,2.9043707847595215,0.7012382447719574,2.020920619368553,0.22781924903392792,3.093579411506653,0.7920049875974655
0.16622840066750844,3.569853432973226,0.4648755391438802,0.9423138697942098,0.10854153335094452,2.890145524342855,0.63300013144811
0.18996016681194305,3.969046632448832,1.758016010125478,0.6470749974250793,0.1875076691309611,4.8935989538828535,0.7943973243236542
0.18622666597366333,2.995664358139038,0.5250863234202067,2.7575082778930664,0.14838666717211405,2.5536617437998452,0.6628216505050659
0.19559216623504957,3.3375378847122192,0.7973347504933676,1.8761782348155975,0.28193825110793114,4.869388520717621,0.8614734212557474
0.20050299912691116,2.8822194635868073,0.7049266248941422,1.950794368982315,0.24876374751329422,3.1433057487010956,0.8006633669137955
0.22224775205055872,3.2729968825976052,0.6969679966568947,1.5602534115314484,0.3160605803132057,4.237587054570516,0.8066127399603525
0.3512739986181259,4.48722505569458,2.2687950134277344,1.5701175332069397,0.683417022228241,7.563724756240845,1.168179452419281
0.2574787437915802,4.072438538074493,0.9546452313661575,1.5935887396335602,0.5067759975790977,5.958036184310913,0.9112447500228882
0.16665400167306263,3.5396127382914226,0.4511621375878652,0.9354543248812358,0.1097109337647756,2.885235134760539,0.6323293964068095
0.1959261695543925,3.3329810897509256,0.8079618414243063,1.8707206050554912,0.2854616691668828,4.874036212762197,0.8623739928007126
0.19607957026788167,3.504199504852295,1.3273289246218545,0.8819457931177956,0.2057207844087056,4.396638308252607,0.7908523551055363
0.2221395013233026,3.2314289013544717,0.7115434184670448,1.5621696710586548,0.3169649988412857,4.2308772802352905,0.8079548378785452
0.2358810007572174,2.9189701080322266,0.7629050016403198,1.1364320516586304,0.1257060021162033,3.2975070476531982,0.46266400814056396
0.19145414658955165,3.442134823117937,0.7314010007040841,3.6575780596051897,0.16705671378544398,3.152446849005563,0.6789922799382891
0.32807299494743347,4.43182897567749,2.6275285482406616,1.806021511554718,0.48834550380706787,5.982418060302734,0.6857770085334778
0.19972757250070572,3.4818837472370694,1.504073707120759,0.8875568721975599,0.2254034983260291,4.426629866872515,0.7982109912804195
0.19768749922513962,2.912045866250992,0.7027613818645477,1.9910500049591064,0.23124537616968155,3.1106322407722473,0.7935536205768585
0.23576200008392334,2.918118953704834,0.7618709802627563,1.1361370086669922,0.12548699975013733,3.295907974243164,0.4625740051269531
0.16810939808686573,3.6087724367777505,0.48197240233421323,0.9588350653648376,0.11510253399610519,2.8955365498860677,0.6353020628293355
0.1939175703695842,3.336355584008353,0.7533915724073138,3.6263921601431712,0.1806391403079033,3.168970857347761,0.6812865648950849
0.16653419931729635,3.5473864873250327,0.45984886487325033,0.9361741383870442,0.10854626645644506,2.884813992182414,0.6324972073237102
0.27208125591278076,3.3109664916992188,0.8488345146179199,1.8282552808523178,0.29584499821066856,3.2481377720832825,0.5584987550973892
0.19736200038875854,3.5239392689296176,1.4454294315406255,0.8731990712029594,0.21268699690699577,4.421392423766,0.7963612122195107
0.19700719863176347,2.901424264907837,0.7816086947917938,1.7701123118400575,0.2784382954239845,4.586173248291016,0.8951332986354827
0.2217475011944771,2.9666309118270875,0.6677843987941742,0.8535346984863281,0.17686359882354735,3.3762510061264037,0.5558627903461456
0.1675649990638097,3.6098920345306396,0.47861033082008364,0.9495230674743652,0.11318260033925374,2.895254135131836,0.6347018003463745
0.2709282487630844,3.2764777541160583,0.8314350098371506,1.8254704922437668,0.28566849604249,3.2568289637565613,0.5582882463932037
0.22131939977407455,2.9630266189575196,0.6662223994731903,0.8519359052181243,0.17548630386590958,3.374785542488098,0.5554432034492492
0.20085349998303823,3.454738293375288,1.6000638433865138,0.9003055649144309,0.2330857100231307,4.421135067939758,0.7993525011198861
0.18572200338045755,3.0022737185160318,0.5220373372236887,2.716253678003947,0.14588266362746558,2.553231636683146,0.6624679764111837
0.16990928671189717,3.824395980153765,0.5522015754665647,1.526810267141887,0.11218271404504776,3.5031721932547435,0.6095446305615562
0.20098028438431875,3.457083514758519,1.6055201994521278,0.8998425006866455,0.23462185902254923,4.425656778471811,0.7997130751609802
0.24004040211439132,4.285081577301026,0.8604696929454804,2.656450390815735,0.39556899964809417,4.6473359107971195,0.8883384883403778
0.21554050222039223,3.1638124585151672,0.7024647444486618,1.140855997800827,0.10579000227153301,3.204968512058258,0.4280272498726845
0.26391325518488884,3.1979777812957764,0.8253000155091286,1.600983202457428,0.26112249307334423,3.3031415343284607,0.5546320006251335
0.16854399740695952,4.005746221542358,0.5297513961791992,1.2526822090148926,0.14737340062856674,3.1190768241882325,0.6239254117012024
0.2221391685307026,3.2381374835968018,0.7080990001559258,1.5623619978626568,0.31600566394627094,4.232248107592265,0.8075904995203018
0.2128563274939855,3.1913849512736,0.7344279885292053,1.1144502957661946,0.10039666791756947,3.2303787072499595,0.42764999469121295
0.18472500642140707,3.011375347773234,0.5170676708221436,2.6500306129455566,0.1414426639676094,2.551078955332438,0.6614910165468851
0.1912203331788381,2.961308320363363,0.5397210021813711,2.843590021133423,0.17404166609048843,2.5604472955067954,0.6659476558367411
0.2209164023399353,2.9578574895858765,0.6647067964076996,0.8500535011291503,0.1742409996688366,3.3739005088806153,0.555032593011856
0.17132075130939484,3.688281536102295,0.8456162661314011,1.653560996055603,0.1756810024380684,3.5807942152023315,0.6200975030660629
0.21775325015187263,3.1649407148361206,0.7170944958925247,1.1664257645606995,0.11127900145947933,3.223442494869232,0.42936650663614273
0.1643317997455597,3.977452516555786,0.5405099928379059,1.2727952122688293,0.12819140255451203,3.1147146224975586,0.6225687980651855
0.18602199852466583,3.0158223311106362,0.4817800124486287,2.378579616546631,0.14834033449490866,2.5500926971435547,0.6601110100746155
0.16466720402240753,3.970854139328003,0.52811478972435,1.2762256145477295,0.13073779940605162,3.1106995582580566,0.6221059918403625
0.23237499892711638,2.889690709114075,0.6872972965240478,0.8606602042913437,0.20863639935851097,3.4467753171920776,0.5644091963768005
0.22695275209844112,3.862886607646942,0.8643080182373524,1.1707509011030197,0.12404424883425236,4.191957712173462,0.6156724989414215
0.17079540193080903,3.9793692111968992,0.5227897942066193,1.251175618171692,0.16295159757137298,3.1173285007476808,0.625527811050415
0.24466760009527205,3.9748125791549684,0.9512490034103394,2.704223835468292,0.4584695965051651,4.6595374822616575,0.8883295118808746
0.23026250004768373,2.910059022903442,0.6933690965175628,0.8393052965402603,0.19835729971528054,3.435618782043457,0.5634555041790008
0.19842760115861893,2.884699320793152,0.7834232032299042,1.7995872139930724,0.29037970304489136,4.591968822479248,0.8969459950923919
0.2718930058181286,3.3021310567855835,0.8431407660245895,1.8279127776622772,0.2935370057821274,3.2507452964782715,0.5584677532315254
0.35068900883197784,4.386057615280151,2.114643931388855,1.5073280334472656,0.665367990732193,7.391788721084595,1.160718023777008
0.23540599644184113,2.9168028831481934,0.7559170126914978,1.1316529512405396,0.12348499894142151,3.291172981262207,0.4622969925403595
0.19185099999109903,2.961238066355387,0.5378033419450124,2.799685080846151,0.1770496666431427,2.5622180302937827,0.6664146582285563
0.25683974474668503,4.041762948036194,0.9925349801778793,1.6002817749977112,0.5557482540607452,5.951552152633667,0.9103832542896271
0.1943491684893767,3.1945376793543496,0.7536882509787878,1.7807539304097493,0.26259341339270276,4.770204067230225,0.8557849129041036
0.18738866845766702,3.010432004928589,0.4660300115744273,2.3516260782877603,0.15895200272401175,2.5515270233154297,0.6596516569455465
0.23723389953374863,2.9201885223388673,0.7078119933605194,0.8757633984088897,0.2239020012319088,3.4467044353485106,0.5665499031543731
0.17159424722194672,3.707156479358673,0.8567130118608475,1.6636712849140167,0.17617150023579597,3.5827510356903076,0.6204147487878799
0.2229415848851204,3.1925430496533713,0.7470642502109209,1.550681086877982,0.3368084964652856,4.206143260002136,0.8092652559280396
0.1715696007013321,3.9674848079681397,0.5274192094802856,1.2525269985198975,0.16638579964637756,3.118674612045288,0.6265164017677307
0.35091499984264374,4.443104982376099,2.200103521347046,1.5566174983978271,0.665550023317337,7.4229466915130615,1.164153516292572
0.16511520147323608,3.995996522903442,0.5382365942001343,1.2687007904052734,0.1321712002158165,3.117760181427002,0.6230621933937073
0.26249200478196144,3.212718963623047,0.8334357589483261,1.525721475481987,0.2510087490081787,3.27370023727417,0.552853986620903
0.1722683995962143,3.9600406169891356,0.5357864081859589,1.2517174124717712,0.16941000074148177,3.12302885055542,0.6274176001548767
0.21482600271701813,3.1738672256469727,0.7008219957351685,1.129761517047882,0.10484550148248672,3.193387746810913,0.4272272512316704
0.25682149082422256,4.0374321937561035,0.9910682737827301,1.5967775285243988,0.5577242523431778,5.950499415397644,0.910289004445076
0.19575985733951842,3.5080781493868147,1.381403997540474,0.8876817013536181,0.20185742846557073,4.398022294044495,0.7924197827066694
0.21292400360107422,3.1811673641204834,0.7312926650047302,1.1134369770685832,0.09974099944035213,3.2222370306650796,0.42720032731692
0.25791899859905243,4.062660217285156,0.9511505216360092,1.5995492339134216,0.5101580023765564,5.978417277336121,0.9119784981012344
0.21514866749445596,3.151941696802775,0.7514080007870992,1.1500210364659627,0.10373000055551529,3.2566917737325034,0.43001633882522583
0.1894496629635493,2.963433027267456,0.5412039955457052,2.9097493489583335,0.16529166946808496,2.5565666357676187,0.6647219856580099
0.1852573355038961,3.0071016947428384,0.519661009311676,2.6830809911092124,0.14358499894539514,2.5524075826009116,0.662036657333374
0.21554775163531303,3.1711127161979675,0.7032514810562134,1.1318424940109253,0.10588099993765354,3.1940929293632507,0.42730025947093964
0.17241449654102325,3.7566944360733032,0.8822260051965714,1.6862020194530487,0.1786852516233921,3.5923871994018555,0.6215595006942749
0.22919420003890992,2.918884301185608,0.6932364046573639,0.8391003996133805,0.19464440122246743,3.431224822998047,0.5627129971981049
0.2153257541358471,3.172941029071808,0.7026022523641586,1.1311820149421692,0.10552150197327137,3.1939406991004944,0.42727549374103546
0.19871429949998856,2.882339906692505,0.7858801901340484,1.8052489161491394,0.2938507989048958,4.593006372451782,0.8974733054637909
0.16683100163936615,4.006410360336304,0.5330719947814941,1.2612324237823487,0.1401750013232231,3.119240427017212,0.6235473990440369
0.171850997954607,3.7230602502822876,0.8658625036478043,1.671952486038208,0.17666774988174438,3.585126519203186,0.6207379996776581
0.22660425119102,3.863092452287674,0.8598464988172054,1.1691808551549911,0.12291674874722958,4.186951518058777,0.6152295023202896
0.23981949985027312,4.2591551542282104,0.8907978057861328,2.718181109428406,0.404619200527668,4.64650526046753,0.8890968978404998
0.19627100229263306,3.2782906123570035,0.7618187069892883,3.692423548017229,0.1923725711447852,3.1761478696550642,0.6827811513628278
0.18712366620699564,3.012357314427694,0.4690343340237935,2.3485267162323,0.1563576658566793,2.5511616865793862,0.6598536570866903
0.19171014428138733,3.4255491324833462,0.7352982844625201,3.639060769762312,0.168747573026589,3.1552088601248607,0.6793204290526254
0.3280474990606308,4.389517903327942,2.6533550024032593,1.8220120072364807,0.4975370019674301,5.98056960105896,0.6847949922084808
0.22481150180101395,3.141953766345978,0.7566223392883936,1.632856582601865,0.35924017056822777,4.261147658030192,0.8107276608546575
0.1988706961274147,2.881327819824219,0.7894150972366333,1.8096640944480895,0.29656910300254824,4.594271469116211,0.8980030953884125
0.19635212421417236,2.8552705347537994,0.6984562426805496,2.0388037860393524,0.21908362582325935,3.0675512850284576,0.7896882444620132
0.2417739972472191,4.051312136650085,0.9618052899837494,2.645618271827698,0.4399245008826256,4.647172546386718,0.8877459943294526
0.16925466656684876,3.616479190190633,0.4931321322917938,0.9619460701942444,0.11994593292474746,2.9025906562805175,0.6367517312367758
0.23974570035934448,4.212528085708618,0.9020531952381134,2.7093684792518617,0.4125416949391365,4.642038631439209,0.8893565893173218
0.19818487390875816,2.9161155223846436,0.704161748290062,1.9681412279605865,0.23453974910080433,3.123969852924347,0.7951345071196556
0.2319872509688139,3.800004631280899,1.019515123218298,1.2273283749818802,0.1460463758558035,4.289153546094894,0.6223932504653931
0.19545971495764597,3.2967660086495534,0.7588294233594622,3.6874638966151645,0.18747157071317946,3.1746032578604564,0.6822248441832406
0.1725156009197235,3.9586949348449707,0.5394843995571137,1.2511549949645997,0.1704750031232834,3.1251569747924806,0.6277602195739747
0.23032400012016296,2.9133400917053223,0.7185490131378174,1.0486249923706055,0.11170899868011475,3.2601349353790283,0.45824098587036133
0.25750625133514404,4.009741008281708,0.998906746506691,1.6064045429229736,0.5341372564435005,6.004603981971741,0.9138957560062408
0.22629287652671337,3.8633154034614563,0.8557988740503788,1.1674472317099571,0.12201849836856127,4.182683140039444,0.6148241236805916
0.21653549745678902,3.1745920181274414,0.7056332528591156,1.1597512364387512,0.10768250189721584,3.215300500392914,0.42859800159931183
0.25683850049972534,4.029391765594482,0.9867832362651825,1.581468015909195,0.5617782473564148,5.947158694267273,0.9099974930286407
0.19951150193810463,2.893216371536255,0.6988988667726517,1.9617123901844025,0.2413963694125414,3.1342927515506744,0.7986251264810562
0.2364097997546196,2.910982084274292,0.7034295082092286,0.8733576953411102,0.22185220271348954,3.447146487236023,0.5661597073078155
0.21283799906571707,3.1900556882222495,0.7336156765619913,1.114195982615153,0.10039533426364262,3.2280396620432534,0.42751433451970416
0.1855871652563413,3.952366272608439,1.3321294983228047,0.6326861679553986,0.16381716479857764,4.8128697872161865,0.7822090089321136
0.22502699866890907,3.135772943496704,0.7534975782036781,1.644633064667384,0.36181774983803433,4.271139661471049,0.8110814094543457
0.23030999302864075,2.913616895675659,0.7203180193901062,1.049793004989624,0.11240000277757645,3.263947010040283,0.45851999521255493
0.18859383215506872,4.005061030387878,1.557128647963206,0.6334474980831146,0.17756650100151697,4.835606972376506,0.7895441651344299
0.19485674798488617,3.2489077846209207,0.7593885014454523,1.8352468460798264,0.2688840813934803,4.784066796302795,0.8585181633631388
0.21458250284194946,3.1689149737358093,0.6995642632246017,1.1293127536773682,0.10400625132024288,3.190494477748871,0.4270780012011528
0.1960747003555298,2.94535608291626,0.753852492570877,1.7214827060699462,0.26002910286188125,4.58340368270874,0.8922326982021331
0.19627299904823303,3.3175219893455505,0.8136985848347346,1.8663631677627563,0.28875291844209033,4.873085876305898,0.8630571613709132
0.1873468334476153,4.006901860237122,1.510811984539032,0.631420503060023,0.17145349954565367,4.815009991327922,0.7876730064551035
0.16654860079288483,3.5886621952056883,0.4704959332942963,0.9437514066696167,0.10981379896402359,2.892880932490031,0.6335819363594055
0.1839196632305781,3.022366682688395,0.5027070045471191,2.5121070543924966,0.13840700189272562,2.549213727315267,0.6601073145866394
0.17747199907898903,3.7860382199287415,0.8231237530708313,1.6658302545547485,0.20374199748039246,3.616365969181061,0.6280447393655777
0.212937002380689,3.1901842753092446,0.7350640098253886,1.1148133675257366,0.10061200211445491,3.2323923110961914,0.4277829925219218
0.19692843088081904,3.265923568180629,0.761841859136309,3.667725154331752,0.19653257301875524,3.1762657165527344,0.6832921419824872
0.19330228652272904,3.455870117459978,0.695520852293287,3.5633128881454468,0.18003457146031515,3.1562157017844066,0.678156988961356
0.20080287382006645,2.881137639284134,0.707954004406929,1.9476434886455536,0.25103574991226196,3.145714581012726,0.8011744990944862
0.1962688997387886,2.9426307916641234,0.7567700028419495,1.7296676993370057,0.26116280257701874,4.586506938934326,0.8928365051746369
0.17512549832463264,3.8048065304756165,0.8160200119018555,1.6483739912509918,0.1911182478070259,3.6323914527893066,0.6250115036964417
0.17544025182724,3.7967509031295776,0.8196747750043869,1.6580430269241333,0.1928514987230301,3.626950204372406,0.6254492402076721
0.1975499987602234,3.258518491472517,0.7581654361316136,3.6191698823656355,0.20063342792647226,3.1758760043552945,0.6838339907782418
0.1931163320938746,2.9662740230560303,0.531332661708196,2.674034277598063,0.18254033476114273,2.5664843718210855,0.667396346728007
0.35381749272346497,4.5176684856414795,2.1071540117263794,1.4711894989013672,0.7738730013370514,7.794874906539917,1.1755735278129578
0.19171514255659922,3.473780938557216,0.7201012883867536,3.668532133102417,0.1676465698650905,3.154083013534546,0.6786457129887172
0.19249871586050307,3.4848355565752303,0.7101401431219918,3.656242711203439,0.1713844303573881,3.1594087396349226,0.6786811436925616
0.21672675013542175,3.1748397946357727,0.7070402503013611,1.1613607704639435,0.1083572506904602,3.216769278049469,0.42873575538396835
0.19583614489861897,3.505439485822405,1.3549703444753374,0.8862141455922808,0.20301899952547892,4.395638278552464,0.7915923510278974
0.23168049938976765,3.8025096356868744,1.0195012390613556,1.2247738689184189,0.14435375109314919,4.28766256570816,0.6220244988799095
0.19687612541019917,2.895200490951538,0.7006496265530586,2.035025015473366,0.22465862520039082,3.0824115872383118,0.7909797504544258
0.23992929905653,4.28926031589508,0.874579393863678,2.6987796068191527,0.39730709940195086,4.647981214523315,0.8886382162570954
0.2701667435467243,3.265330731868744,0.828059732913971,1.817573994398117,0.28273874893784523,3.255391001701355,0.5580770000815392
0.17023020088672638,3.99249382019043,0.5241070091724396,1.2482581853866577,0.15903720259666443,3.1173614025115968,0.6247505903244018
0.17202680110931395,3.962429428100586,0.5320529997348785,1.2520918130874634,0.16829000413417816,3.1213613986968993,0.62710200548172
0.35299600660800934,4.509453296661377,2.186269998550415,1.4683279991149902,0.7456279993057251,7.772335767745972,1.1729254722595215
0.22977019846439362,2.9145790576934814,0.6938376009464264,0.8371409952640534,0.19631750136613846,3.4334527015686036,0.5631805956363678
0.24469430297613143,3.9637799739837645,0.95713569521904,2.6687811970710755,0.4621251955628395,4.658380007743835,0.8888234913349151
0.16982371360063553,3.822315658841814,0.5496503561735153,1.5275599190167017,0.11172199994325638,3.500070367540632,0.6090162907327924
0.19652469754219054,2.9297313690185547,0.7652723968029023,1.746062731742859,0.26760890036821366,4.584819078445435,0.8940170049667359
0.20035214189972197,3.4608641181673323,1.5638945720025472,0.8979949993746621,0.2290902159043721,4.423299806458609,0.7986342779227665
0.21506349742412567,3.158167541027069,0.7021520137786865,1.1310202777385712,0.10495599918067455,3.1989579796791077,0.4277219995856285
0.19444925089677176,3.207151194413503,0.7545350790023804,1.7932998339335124,0.26376207917928696,4.772884090741475,0.8564147502183914
0.16963857199464524,3.811333792550223,0.5475159330027444,1.5289281606674194,0.11160885808723313,3.492017524582999,0.6085330035005297
0.19649850018322468,2.8637754917144775,0.6989319995045662,2.038818746805191,0.2202417515218258,3.070260673761368,0.7900747582316399
0.32563599944114685,4.33814799785614,2.5975770950317383,1.7960545420646667,0.5020455121994019,5.928489685058594,0.6834045052528381
0.3259750008583069,4.342020630836487,2.5899410247802734,1.796072006225586,0.5018629878759384,5.942295551300049,0.6836645007133484
0.1877343331774076,4.006927688916524,1.5190366506576538,0.6312023401260376,0.17288383220632872,4.820260604222615,0.7881629963715872
0.35350050032138824,4.523476600646973,2.15278959274292,1.457550048828125,0.7583630084991455,7.807385683059692,1.1742525100708008
0.35378050804138184,4.527895450592041,2.129151463508606,1.455145001411438,0.7668240070343018,7.821006774902344,1.175046980381012
0.19663000293076038,2.874845117330551,0.6999305039644241,2.0387230962514877,0.22158237360417843,3.0737117528915405,0.7903766259551048
0.3533345013856888,4.410659909248352,2.0155454874038696,1.6375035047531128,0.7943229973316193,7.577870607376099,1.1777570247650146
0.21392633517583212,3.1647187074025473,0.7400086522102356,1.1179280281066895,0.10142333557208379,3.2399893601735434,0.4285956621170044
0.24454050213098527,3.988196873664856,0.9483732998371124,2.7213204741477965,0.4542524993419647,4.65969340801239,0.8879550158977508
0.18577450017134348,3.9546546936035156,1.3993759950002034,0.6313043435414633,0.16483850280443826,4.82753864924113,0.784311830997467
0.18683133522669473,3.013528347015381,0.4723966717720032,2.3508079846700034,0.15392866730690002,2.5509483019510903,0.6600143512090048
0.21324533224105835,3.180893341700236,0.7371939818064371,1.1163150072097778,0.1008143350481987,3.2353803316752114,0.42804333567619324
0.17608799785375595,3.7790898084640503,0.8294012546539307,1.6793487668037415,0.1962902508676052,3.614954650402069,0.626391738653183
0.17297814041376114,3.68874306338174,0.5628432844366346,1.5409580554280962,0.12046157196164131,3.5177586248942783,0.6141381391457149
0.21508949995040894,3.1592565178871155,0.7020097523927689,1.130651205778122,0.10491200163960457,3.1977537274360657,0.4276289939880371
0.2145369996627172,3.1542719999949136,0.7423253258069357,1.1200530131657918,0.10228599856297176,3.2428270181020102,0.4291093349456787
0.25774575024843216,4.010675549507141,1.0038485080003738,1.592970997095108,0.5370964929461479,5.992496848106384,0.9131255000829697
0.27130574733018875,3.2846667170524597,0.8346357643604279,1.82637520134449,0.28832175210118294,3.2550684809684753,0.5583667457103729
0.2131629983584086,3.163378953933716,0.7289320031801859,1.1128780444463093,0.09864233434200287,3.21526829401652,0.42685600121816
0.2130236675341924,3.172914663950602,0.7301953236262003,1.1130903164545696,0.09926033516724904,3.2188653151194253,0.4270283381144206
0.35139599442481995,4.474341154098511,2.2630820274353027,1.5400689840316772,0.6923039853572845,7.612388849258423,1.1686084866523743
0.17409875243902206,3.794292986392975,0.8360227346420288,1.6518722176551819,0.18703700229525566,3.632308840751648,0.624099001288414
0.3281024992465973,4.414252519607544,2.6405659914016724,1.8126969933509827,0.4922115057706833,5.9822838306427,0.6853600144386292
0.2568187490105629,4.033163845539093,0.989339753985405,1.5905077457427979,0.5597969740629196,5.949005484580994,0.91015625
0.21439500153064728,3.1560239791870117,0.7417946656545004,1.1190133492151897,0.10193366557359695,3.2420149644215903,0.4289686679840088
0.23379699885845184,2.919356107711792,0.7368329763412476,1.0820850133895874,0.12035799771547318,3.274394989013672,0.46122801303863525
0.16615819931030273,4.006646633148193,0.534304004907608,1.264365029335022,0.13715820014476776,3.119319772720337,0.6234076023101807
0.23415400087833405,2.9212989807128906,0.7387790083885193,1.0849629640579224,0.1207439973950386,3.275084972381592,0.4614189863204956
0.26525525003671646,3.2107592821121216,0.818328246474266,1.6942629963159561,0.2678409982472658,3.2464524507522583,0.5560775026679039
0.19666071555444173,3.521052496773856,1.4602183550596237,0.8780990626130786,0.20914099950875556,4.413967984063285,0.7955021347318377
0.2576337456703186,4.019434452056885,1.0050279945135117,1.5857054591178894,0.5477207601070404,5.9671618938446045,0.9116777628660202
0.19564539939165115,2.9488532543182373,0.7465402007102966,1.7070785999298095,0.2601298004388809,4.57634220123291,0.8911494016647339
0.2146349996328354,3.1547853151957193,0.7430753310521444,1.1233216921488445,0.10239766786495845,3.244432290395101,0.42924900849660236
0.1771477498114109,3.7820794582366943,0.8262942433357239,1.6727904975414276,0.20177575200796127,3.615002989768982,0.6276897639036179
0.185288667678833,3.0180203119913735,0.4886859953403473,2.4168833096822104,0.14483300099770227,2.5497783025105796,0.6600983341534933
0.1741958579846791,3.689339654786246,0.5670647088970456,1.5400015030588423,0.12495678556816918,3.5330013036727905,0.6153103581496647
0.3247389942407608,4.412200927734375,2.8643524646759033,1.8290119767189026,0.4950740188360214,5.906636476516724,0.6838245093822479
0.18652199705441794,3.0138723055521646,0.47648733854293823,2.3579139709472656,0.1515009974439939,2.550486962000529,0.6600963274637858
0.214479748159647,3.1613587141036987,0.6990350037813187,1.1291195452213287,0.10352899879217148,3.1879162192344666,0.42695650458335876
0.25624625012278557,4.094458758831024,0.9659532457590103,1.5799212455749512,0.49929775297641754,5.9085564613342285,0.909703254699707
0.21505100031693777,3.1558923721313477,0.7495890061060587,1.1474703152974446,0.10333300133546193,3.2552150090535483,0.4299079974492391
0.23529599606990814,2.9168190956115723,0.7545369863510132,1.1292699575424194,0.12296699732542038,3.2897729873657227,0.46220800280570984
0.32539600133895874,4.349462389945984,2.6526659727096558,1.8027705550193787,0.5005474984645844,5.918429136276245,0.6834004819393158
0.1924846669038137,2.9634193579355874,0.5346916615962982,2.7434276739756265,0.17974366744359335,2.56420628229777,0.6668930053710938
0.23487600684165955,2.917030096054077,0.7458990216255188,1.110921025276184,0.12193399667739868,3.2825870513916016,0.4618990123271942
0.18762500087420145,2.9775237242380777,0.5336849987506866,2.858001391092936,0.15551766753196716,2.554772694905599,0.6636373400688171
0.32490500807762146,4.390302538871765,2.800747036933899,1.820598542690277,0.496659979224205,5.908228874206543,0.6836790144443512
0.21720049902796745,3.172291934490204,0.7112544924020767,1.1643047630786896,0.10952275060117245,3.219918727874756,0.4290364980697632
0.2632189951837063,3.199072003364563,0.8295502439141273,1.5607374608516693,0.25666374526917934,3.303387761116028,0.5537635013461113
0.21286066869894663,3.1866823037465415,0.7328006625175476,1.1138230164845784,0.10005166381597519,3.2253212928771973,0.42736300826072693
0.21500733494758606,3.156724770863851,0.7485229969024658,1.1460370222727458,0.10313766449689865,3.2545042832692466,0.42984867095947266
0.21544475108385086,3.165162742137909,0.7030367404222488,1.1313759982585907,0.10568924993276596,3.195987284183502,0.42746225744485855
0.19339628517627716,3.442831720624651,0.6933094177927289,3.5327760662351335,0.181780144572258,3.1540322984967912,0.6780131374086652
0.19494849940141043,3.260545074939728,0.7609519213438034,1.8440820078055065,0.2706943315764268,4.790211836496989,0.8588420748710632
0.19734825069705644,3.2724050680796304,0.8277528385321299,1.856255978345871,0.2999340829749902,4.869970520337422,0.8651464233795801
0.32791799306869507,4.445316553115845,2.611546516418457,1.7995744943618774,0.4845440089702606,5.9823899269104,0.6861239969730377
0.21354199945926666,3.1712833245595298,0.7387056748072306,1.117465655008952,0.10090133547782898,3.23771595954895,0.42827799916267395
0.17634549736976624,3.7760192155838013,0.831309512257576,1.6830255091190338,0.19771075248718262,3.6128610372543335,0.6267484873533249
0.1931827174765723,3.466134718486241,0.697771430015564,3.5909069095339095,0.1782937135015215,3.1578921590532576,0.6782868589673724
0.21529333293437958,3.1419333616892495,0.75518399477005,1.1520959933598836,0.10464066763718922,3.2586329778035483,0.43011632561683655
0.3250719904899597,4.3727980852127075,2.743912100791931,1.8134765028953552,0.49822598695755005,5.91072940826416,0.6835444867610931
0.21804200112819672,3.1605167984962463,0.7208117544651031,1.167006015777588,0.11235424689948559,3.225320279598236,0.4295390024781227
0.16441719830036164,3.9812166690826416,0.5407410085201263,1.2718114137649537,0.12849680036306382,3.115453815460205,0.6226955890655518
0.21747075021266937,3.168638050556183,0.7142042517662048,1.165503978729248,0.11041474901139736,3.22163724899292,0.4291992485523224
0.3257405012845993,4.378804922103882,2.0848169922828674,1.8093594312667847,0.46014900505542755,6.039770841598511,0.6854490041732788
0.35164299607276917,4.4637770652771,2.2542669773101807,1.5014274716377258,0.7098785042762756,7.672119855880737,1.1694074869155884
0.2151003380616506,3.1540143489837646,0.7506073315938314,1.148826003074646,0.10351600001255672,3.255984306335449,0.429967999458313
0.19132114308221,3.454596076692854,0.7278998664447239,3.6677141870771135,0.16622600385120936,3.1510627269744873,0.6787621464048114
0.17781374976038933,3.7922827005386353,0.818833738565445,1.6570957601070404,0.20535824820399284,3.6181023120880127,0.6284082382917404
0.35113199055194855,4.482080936431885,2.2553035020828247,1.58958899974823,0.6691049933433533,7.464593172073364,1.166711449623108
0.18422333399454752,3.014204978942871,0.5138266583283743,2.6169346968332925,0.13934400180975595,2.5498129526774087,0.6609436670939127
0.2648002505302429,3.205857217311859,0.8206362500786781,1.6626584976911545,0.26562225446105003,3.2649405002593994,0.5556124970316887
0.21695050224661827,3.173764705657959,0.7094362527132034,1.1629007756710052,0.10887949913740158,3.218295991420746,0.4288812503218651
0.23299099504947662,2.918570041656494,0.7321969866752625,1.0768059492111206,0.11823300272226334,3.2733519077301025,0.46081599593162537
0.2149436672528585,3.1561710834503174,0.7467393477757772,1.1425883372624714,0.10283566514650981,3.252952734629313,0.429747998714447
0.21474466721216837,3.1540609995524087,0.7443563143412272,1.1293963193893433,0.10257633278767268,3.2471725940704346,0.429421325524648
0.21369899809360504,3.1680906613667807,0.7393203377723694,1.1176663637161255,0.10109566648801167,3.238861322402954,0.42841699719429016
0.25804975628852844,4.0079540610313416,1.00976100564003,1.5768434703350067,0.5422817543148994,5.9768677949905396,0.9122674912214279
0.1722717508673668,3.7482410073280334,0.8792480081319809,1.6832962334156036,0.1779637522995472,3.590158224105835,0.6213282644748688
0.3263009935617447,4.426344394683838,2.4336575269699097,1.781497061252594,0.4765480160713196,6.004336357116699,0.6862255036830902
0.2333880066871643,2.9177980422973633,0.734745979309082,1.0794090032577515,0.11899399757385254,3.2738139629364014,0.4610219895839691
0.19275157153606415,3.485241344996861,0.7062897086143494,3.6466056278773715,0.1732184269598552,3.1603616986955916,0.6786367126873561
0.25730475038290024,4.008813679218292,0.9943970143795013,1.6178235113620758,0.5312145054340363,6.01474130153656,0.9144697487354279
0.17100059986114502,3.9752298831939696,0.523208612203598,1.2519295930862426,0.163960799574852,3.117559576034546,0.6258220076560974
0.3248634934425354,4.3856964111328125,2.152788996696472,1.7729305624961853,0.4679575115442276,6.038080930709839,0.6860350072383881
0.3249320089817047,4.383384943008423,2.124274969100952,1.780748963356018,0.465597003698349,6.03527045249939,0.6859214901924133
0.2572667524218559,4.0077298283576965,0.9731909781694412,1.517690509557724,0.5684147626161575,5.934810996055603,0.9090290069580078
0.2675435058772564,3.2361627221107483,0.8201410174369812,1.7736555188894272,0.2760277446359396,3.2432100772857666,0.5572585090994835
0.2635590024292469,3.196862816810608,0.8276582434773445,1.5786792784929276,0.2589829992502928,3.309676706790924,0.5541990101337433
0.21524632970492044,3.146166960398356,0.7537463307380676,1.151703675587972,0.10426266491413116,3.258122682571411,0.43009300033251446
0.35278549790382385,4.349258065223694,2.0759835243225098,1.762539565563202,0.8045094907283783,7.570619344711304,1.17648845911026
0.19001266856988272,2.962432622909546,0.5415420035521189,2.8979196548461914,0.16821666806936264,2.5575942993164062,0.6650996804237366
0.23098799586296082,2.9191019535064697,0.7261649966239929,1.0590579509735107,0.11578000336885452,3.27276611328125,0.45971399545669556
0.21417499581972757,3.1603260040283203,0.7409113446871439,1.118343671162923,0.10184433311223984,3.2410573164621987,0.4287886718908946
0.35314950346946716,4.382404565811157,2.033573031425476,1.7004989981651306,0.7998520135879517,7.575583457946777,1.1775110363960266
0.3272455036640167,4.367994546890259,2.628875494003296,1.8128294944763184,0.5000444948673248,5.965863466262817,0.6843289732933044
0.3257019966840744,4.336717963218689,2.586161971092224,1.7939205169677734,0.5022279918193817,5.934039831161499,0.6834760010242462
0.17251750081777573,3.7614184617996216,0.8825792521238327,1.6859230399131775,0.17957675084471703,3.5968419909477234,0.6218249946832657
0.17852824926376343,3.8104060292243958,0.8079037517309189,1.6344789862632751,0.20826049894094467,3.6229832768440247,0.629148006439209
0.23563900589942932,2.9179799556732178,0.7598879933357239,1.1351720094680786,0.12446299940347672,3.294250965118408,0.46247801184654236
0.23072899878025055,2.918328046798706,0.7245659828186035,1.05662202835083,0.11535699665546417,3.2724099159240723,0.4595080018043518
0.1729549989104271,3.7679529786109924,0.8704969882965088,1.6690197587013245,0.18321549892425537,3.6260677576065063,0.6232630014419556
0.2156125009059906,3.1678885221481323,0.7038719952106476,1.1318834722042084,0.10592249967157841,3.195272743701935,0.4273964986205101
0.232682004570961,2.918023109436035,0.7318519949913025,1.0742299556732178,0.11765599995851517,3.273138999938965,0.46063798666000366
0.35298649966716766,4.364701986312866,2.052589535713196,1.7316584587097168,0.8022420108318329,7.573433876037598,1.1770949959754944
0.2318899929523468,2.918692111968994,0.7287579774856567,1.0669089555740356,0.11668699979782104,3.2730700969696045,0.46021100878715515
0.21534066398938498,3.137240012486776,0.7566793362299601,1.152133305867513,0.10487399995326996,3.259044647216797,0.4301323393980662
0.23140500485897064,2.9192230701446533,0.7271199822425842,1.062716007232666,0.11611899733543396,3.2729671001434326,0.45995599031448364
0.3255325108766556,4.342430949211121,2.6198129653930664,1.798980474472046,0.5016115009784698,5.923259973526001,0.6833874881267548
0.23471200466156006,2.9190399646759033,0.743831992149353,1.1018120050430298,0.12154199928045273,3.279670000076294,0.4617980122566223
0.32646550238132477,4.379092454910278,2.078658938407898,1.8289759755134583,0.4579415023326874,6.0470874309539795,0.6851679980754852
0.3256244957447052,4.408790588378906,2.3178504705429077,1.7747600078582764,0.4731844812631607,6.0219385623931885,0.6861700117588043
0.23234400153160095,2.9184629917144775,0.7306150197982788,1.070963978767395,0.11733199656009674,3.2730600833892822,0.46044299006462097
0.2304539978504181,2.9167110919952393,0.722527027130127,1.0530840158462524,0.11406800150871277,3.2696781158447266,0.4590640068054199
0.23511600494384766,2.916269063949585,0.7503510117530823,1.1238019466400146,0.12241800129413605,3.2874979972839355,0.4620639979839325
0.35218851268291473,4.29757297039032,2.1822304725646973,1.8526699542999268,0.8081855177879333,7.5621161460876465,1.1740924715995789
0.35257650911808014,4.332254528999329,2.1055054664611816,1.7930805087089539,0.8062660098075867,7.567692518234253,1.1757765412330627
0.2350189983844757,2.9155659675598145,0.7486079931259155,1.1188770532608032,0.12226799875497818,3.285562038421631,0.461995005607605
0.3265620023012161,4.354356527328491,2.606355905532837,1.8035825490951538,0.5012525022029877,5.953831434249878,0.6839799880981445
0.2351980060338974,2.9159810543060303,0.752465009689331,1.126621961593628,0.12258200347423553,3.2885539531707764,0.46213001012802124
0.3515224903821945,4.4643235206604,2.256380558013916,1.5135889649391174,0.7009354829788208,7.652366876602173,1.1690210103988647
0.23438599705696106,2.920051097869873,0.7404109835624695,1.088150978088379,0.12145300209522247,3.2757608890533447,0.46156901121139526
