year,country_name,drug_use_disorders_%
2008,Commonwealth of Australia,2.00380802154541
2008,Republic of Chad,0.43601301312446594
2009,Commonwealth of Australia,1.991758942604065
2007,Commonwealth of Australia,2.0274291038513184
1991,Commonwealth of Australia,2.1858930587768555
2016,Commonwealth of Australia,2.2371981143951416
2001,Commonwealth of Australia,2.36069393157959
1999,Republic of Mali,0.4233950078487396
1996,Canada,1.9742239713668823
1997,Commonwealth of Australia,2.359424114227295
1997,Republic of Guinea,0.4237090051174164
2009,Republic of Guinea,0.43378499150276184
2006,United Arab Emirates,2.722001075744629
2004,United States of America,2.9834139347076416
2005,State of Libya,2.277549982070923
2007,Bosnia and Herzegovina,0.43080198764801025
1995,Bosnia and Herzegovina,0.383650004863739
2008,Republic of Guinea,0.43292000889778137
1995,United Arab Emirates,2.23876690864563
2013,Republic of Guinea,0.44023799896240234
2006,United States of America,3.000825881958008
1997,Bosnia and Herzegovina,0.3884980082511902
1991,Republic of Guinea,0.41148701310157776
1992,State of Libya,1.7726110219955444
2003,Republic of Guinea,0.42922699451446533
2011,Commonwealth of Australia,2.0077030658721924
2004,Bosnia and Herzegovina,0.4241650104522705
1996,Commonwealth of Australia,2.3433279991149902
2008,Burkina Faso,0.4190100133419037
2015,State of Libya,2.582395076751709
1993,United States of America,2.347095012664795
1998,Bosnia and Herzegovina,0.39340901374816895
1995,Commonwealth of Australia,2.3288979530334473
2014,United States of America,3.181114912033081
2014,Bosnia and Herzegovina,0.43384599685668945
2005,Burkina Faso,0.415149986743927
2000,Canada,2.309972047805786
1993,Commonwealth of Australia,2.2759389877319336
2008,State of Libya,2.4132440090179443
1999,United States of America,2.8005950450897217
1990,Republic of Chad,0.4233820140361786
1992,Republic of Chad,0.43060100078582764
2012,Republic of Guinea,0.43763700127601624
1990,Canada,1.802016019821167
2007,Republic of Mali,0.42374399304389954
2000,State of Libya,2.056049108505249
2002,United States of America,2.9361090660095215
2008,Republic of Mali,0.42469900846481323
2015,United Arab Emirates,2.985105037689209
1997,United Arab Emirates,2.390573024749756
2001,Burkina Faso,0.41047701239585876
2010,Bosnia and Herzegovina,0.43090200424194336
1999,Canada,2.2678210735321045
2016,Republic of Chad,0.45368000864982605
2014,Burkina Faso,0.43236300349235535
1996,Republic of Mali,0.4259830117225647
1994,United Arab Emirates,2.174999952316284
2002,State of Libya,2.143160104751587
1999,Burkina Faso,0.40998899936676025
2002,Burkina Faso,0.41177600622177124
1996,Burkina Faso,0.40859898924827576
1993,Republic of Mali,0.424032986164093
2014,Canada,2.207245111465454
2017,United Arab Emirates,2.9155490398406982
2006,Commonwealth of Australia,2.056730031967163
2009,United Arab Emirates,3.041111946105957
2007,Republic of Chad,0.4354639947414398
2003,Burkina Faso,0.4122290015220642
2017,State of Libya,2.607753038406372
2010,Republic of Guinea,0.434596985578537
2007,Burkina Faso,0.4172300100326538
2014,Republic of Mali,0.4364610016345978
2006,Republic of Guinea,0.43325498700141907
2002,Bosnia and Herzegovina,0.4130530059337616
1991,United Arab Emirates,2.0004189014434814
2012,Republic of Chad,0.4420210123062134
1990,Commonwealth of Australia,2.1332359313964844
1991,Republic of Mali,0.4190410077571869
2009,Republic of Chad,0.43700599670410156
1999,Republic of Chad,0.43314000964164734
1994,State of Libya,1.8363139629364014
2009,Republic of Mali,0.42642199993133545
2013,Burkina Faso,0.42922499775886536
2004,Republic of Mali,0.42193499207496643
2005,United States of America,2.9987709522247314
1993,Republic of Chad,0.4332810044288635
1995,Burkina Faso,0.40821999311447144
1996,United Arab Emirates,2.309380054473877
2000,Burkina Faso,0.4102190136909485
2007,Republic of Guinea,0.43309900164604187
2010,United Arab Emirates,3.059998035430908
2004,Canada,2.313770055770874
2015,Republic of Guinea,0.4466930031776428
2009,Canada,2.213073968887329
1997,Republic of Mali,0.42493200302124023
1993,Canada,1.8548610210418701
1990,State of Libya,1.7071260213851929
2014,Republic of Guinea,0.44321098923683167
2004,Republic of Guinea,0.4321430027484894
2016,Canada,2.24835205078125
2013,United States of America,3.1107120513916016
1997,Republic of Chad,0.43507900834083557
2007,State of Libya,2.3672449588775635
2016,State of Libya,2.597733974456787
2017,Canada,2.276228904724121
2003,Canada,2.3184919357299805
2016,United States of America,3.353142023086548
1992,Burkina Faso,0.4029009938240051
2011,Canada,2.1881051063537598
2004,Burkina Faso,0.4139389991760254
2012,Republic of Mali,0.43162599205970764
1990,Republic of Mali,0.4161350131034851
2004,Republic of Chad,0.43419501185417175
1992,Bosnia and Herzegovina,0.3862909972667694
2013,Bosnia and Herzegovina,0.4337269961833954
2001,Canada,2.317487955093384
1991,State of Libya,1.7417229413986206
1995,Republic of Chad,0.4359619915485382
1993,Burkina Faso,0.40505099296569824
2005,Commonwealth of Australia,2.086479902267456
2011,United States of America,3.007049083709717
1995,Republic of Mali,0.4262099862098694
2011,Burkina Faso,0.4240249991416931
2001,State of Libya,2.0990750789642334
2015,United States of America,3.26267409324646
2001,Bosnia and Herzegovina,0.40738698840141296
2013,State of Libya,2.546365976333618
1992,Canada,1.830119013786316
2010,State of Libya,2.485196113586426
1994,Canada,1.8828120231628418
2001,Republic of Mali,0.4219299852848053
1993,Bosnia and Herzegovina,0.38471999764442444
1997,State of Libya,1.9381699562072754
2000,United States of America,2.8694260120391846
1991,Bosnia and Herzegovina,0.3868370056152344
2017,Republic of Chad,0.45739999413490295
2003,Bosnia and Herzegovina,0.4189949929714203
2009,Burkina Faso,0.4213249981403351
1994,Republic of Mali,0.4252220094203949
1995,Canada,1.9129960536956787
2010,Burkina Faso,0.4222460091114044
2012,Bosnia and Herzegovina,0.43270599842071533
1998,United Arab Emirates,2.4711499214172363
1998,Commonwealth of Australia,2.375714063644409
2000,Republic of Guinea,0.4249500036239624
2001,United Arab Emirates,2.6139259338378906
1998,United States of America,2.6888229846954346
2014,United Arab Emirates,3.0140509605407715
1998,State of Libya,1.977455973625183
2011,State of Libya,2.5057060718536377
2011,Republic of Chad,0.4396669864654541
2003,Republic of Mali,0.42181000113487244
2015,Bosnia and Herzegovina,0.4338510036468506
2005,Republic of Guinea,0.4325929880142212
2017,Burkina Faso,0.4440630078315735
1992,Republic of Guinea,0.4153220057487488
2013,United Arab Emirates,3.035244941711426
2005,Republic of Chad,0.4343630075454712
2010,Canada,2.1951799392700195
1990,United Arab Emirates,1.947121024131775
1998,Republic of Mali,0.4243620038032532
2002,Republic of Mali,0.4217720031738281
2000,Commonwealth of Australia,2.3883559703826904
2000,Republic of Mali,0.422434002161026
2013,Republic of Mali,0.43359699845314026
1992,Commonwealth of Australia,2.2350800037384033
1998,Republic of Guinea,0.4235660135746002
2007,Canada,2.2686100006103516
2011,United Arab Emirates,3.0551609992980957
2006,Republic of Chad,0.434810996055603
2013,Republic of Chad,0.4445210099220276
2017,Republic of Guinea,0.4563260078430176
2014,Commonwealth of Australia,2.114377021789551
2000,Bosnia and Herzegovina,0.4026539921760559
2015,Burkina Faso,0.4354889988899231
1996,Republic of Chad,0.4356760084629059
1994,United States of America,2.3657379150390625
1999,Republic of Guinea,0.42444100975990295
2011,Bosnia and Herzegovina,0.43184998631477356
2006,Canada,2.2938640117645264
1997,Burkina Faso,0.4093469977378845
1998,Canada,2.1784920692443848
2001,United States of America,2.9056050777435303
2002,Commonwealth of Australia,2.2970170974731445
2016,Bosnia and Herzegovina,0.43331199884414673
2002,Republic of Chad,0.4333449900150299
1996,Bosnia and Herzegovina,0.3845979869365692
2015,Republic of Chad,0.449876993894577
1994,Republic of Chad,0.435261994600296
2003,Republic of Chad,0.4336619973182678
1999,Bosnia and Herzegovina,0.39795801043510437
2008,United Arab Emirates,2.9353559017181396
1990,Burkina Faso,0.3968839943408966
2003,State of Libya,2.1898839473724365
1994,Republic of Guinea,0.4199270009994507
2010,Commonwealth of Australia,1.9931509494781494
2002,Canada,2.3189480304718018
2009,United States of America,2.9668080806732178
2012,United States of America,3.052340030670166
2002,Republic of Guinea,0.4272029995918274
1993,State of Libya,1.8065619468688965
2016,Burkina Faso,0.4395959973335266
1998,Burkina Faso,0.40954598784446716
2005,Republic of Mali,0.4224329888820648
1999,State of Libya,2.016602039337158
1994,Burkina Faso,0.4066399931907654
1991,Republic of Chad,0.4276669919490814
2016,Republic of Guinea,0.4509330093860626
1992,Republic of Mali,0.42142099142074585
2003,United Arab Emirates,2.6521670818328857
2003,United States of America,2.9626400470733643
2017,Republic of Mali,0.4458880126476288
2013,Canada,2.19461989402771
2012,State of Libya,2.524739980697632
2006,Burkina Faso,0.4162839949131012
2017,Bosnia and Herzegovina,0.4334160089492798
1999,United Arab Emirates,2.540837049484253
1996,United States of America,2.456048011779785
2007,United States of America,2.9891409873962402
2007,United Arab Emirates,2.823918104171753
1990,Bosnia and Herzegovina,0.38901999592781067
2003,Commonwealth of Australia,2.2157421112060547
2017,Commonwealth of Australia,2.3151419162750244
2004,Commonwealth of Australia,2.1379570960998535
2001,Republic of Guinea,0.425493985414505
1997,Canada,2.0711100101470947
2010,United States of America,2.9771440029144287
2005,Canada,2.307939052581787
2006,Bosnia and Herzegovina,0.4299759864807129
2008,United States of America,2.9743359088897705
2012,United Arab Emirates,3.0460031032562256
2009,Bosnia and Herzegovina,0.43096399307250977
1995,United States of America,2.3925819396972656
2016,United Arab Emirates,2.951503038406372
1990,United States of America,2.3677940368652344
2010,Republic of Chad,0.43842199444770813
2005,Bosnia and Herzegovina,0.42811301350593567
2001,Republic of Chad,0.43274199962615967
1990,Republic of Guinea,0.40745100378990173
1991,United States of America,2.345465898513794
1993,Republic of Guinea,0.4179910123348236
2017,United States of America,3.4524760246276855
2015,Canada,2.2251501083374023
2000,Republic of Chad,0.4327400028705597
1996,State of Libya,1.901790976524353
1997,United States of America,2.5645909309387207
1992,United Arab Emirates,2.053520917892456
2015,Commonwealth of Australia,2.1706340312957764
2011,Republic of Guinea,0.435496985912323
1996,Republic of Guinea,0.42249900102615356
2014,State of Libya,2.566132068634033
1991,Canada,1.811851978302002
1995,State of Libya,1.867347002029419
1993,United Arab Emirates,2.1141560077667236
1998,Republic of Chad,0.43486499786376953
2012,Canada,2.187285900115967
2012,Burkina Faso,0.42637500166893005
2006,Republic of Mali,0.4228059947490692
2008,Bosnia and Herzegovina,0.43057501316070557
1994,Commonwealth of Australia,2.308155059814453
2005,United Arab Emirates,2.6879870891571045
1999,Commonwealth of Australia,2.386831045150757
1991,Burkina Faso,0.3999049961566925
1992,United States of America,2.339514970779419
2008,Canada,2.2383759021759033
2012,Commonwealth of Australia,2.0324220657348633
2004,State of Libya,2.2349770069122314
2011,Republic of Mali,0.42897701263427734
2013,Commonwealth of Australia,2.0688350200653076
2002,United Arab Emirates,2.632781982421875
2010,Republic of Mali,0.4281049966812134
2016,Republic of Mali,0.4427559971809387
2014,Republic of Chad,0.44653600454330444
2006,State of Libya,2.320168972015381
2000,United Arab Emirates,2.5875730514526367
2015,Republic of Mali,0.439085990190506
1995,Republic of Guinea,0.4221000075340271
2009,State of Libya,2.4548330307006836
1994,Bosnia and Herzegovina,0.38405901193618774
2004,United Arab Emirates,2.671170949935913
1990,Mean,0.7995527254629738
2003,Mean,0.8557999147267281
2007,Mean,0.8672466794901257
2015,Mean,0.894474897769433
2006,Mean,0.8628178348269644
2013,Mean,0.8890835946496529
1997,Mean,0.8333696789002116
1994,Mean,0.8186025421453428
2014,Mean,0.8918111407304112
2004,Mean,0.8578918065074124
1991,Mean,0.8044715689707406
1996,Mean,0.8273952075197727
1998,Mean,0.8396299377649645
2012,Mean,0.886235309741165
2009,Mean,0.8769164766314663
2016,Mean,0.89712212112131
1995,Mean,0.8226430844279784
2001,Mean,0.8513378864979442
1992,Mean,0.8093633676254297
2005,Mean,0.8598748735989197
2000,Mean,0.8488207751814323
2010,Mean,0.8804324246660064
2011,Mean,0.8832124914926819
2008,Mean,0.8721607825424098
2017,Mean,0.8993799160175686
1999,Mean,0.8450860769688329
2002,Mean,0.853598252693309
1993,Mean,0.8141873874996282
